train/6kfouUE9tMQ.mp4,0
train/A2KpIkafyr4.mp4,0
train/9ss0LmnPSAs.mp4,0
train/p5NIllhBlGc.mp4,0
train/DVqHfiFpNYc.mp4,0
train/m7uTvMLu6Go.mp4,0
train/iUgxnX86qFs.mp4,0
train/gBlGRFXv2FA.mp4,0
train/3ZTg9zHZX84.mp4,0
train/DD3aIre5Hhg.mp4,0
train/t9dbNxKJGUw.mp4,0
train/qXizTYdEJ28.mp4,0
train/XCNunkSUJL0.mp4,0
train/PnCI6TqIW9Q.mp4,0
train/zChcgc8gqY4.mp4,0
train/TZl1G-Y5pLs.mp4,0
train/3X_39waMdG8.mp4,1
train/8nQNrbWVjAU.mp4,1
train/7PRfgQbH0Lw.mp4,1
train/OgSChxf7d-Q.mp4,1
train/e5PAjqW-7I4.mp4,1
train/LiABhEwIEvw.mp4,1
train/ifV0WQIX1HA.mp4,1
train/gHg6L8kSvk8.mp4,1
train/2SUDb8I5qrE.mp4,1
train/Do-nk35kGR8.mp4,1
train/sgsXRzqBUPo.mp4,1
train/qbuhltlo9oM.mp4,1
train/whhpAzVJ0kc.mp4,1
train/ozpSt0L2rDc.mp4,1
train/yDrUwyxjTWw.mp4,1
train/T7swuSQ9CQ8.mp4,1
train/5D1O-quK-sE.mp4,2
train/8NnRW57iEaw.mp4,2
train/86IwJ957SpY.mp4,2
train/ojkHArbIXvA.mp4,2
train/DOeDiFOuvrg.mp4,2
train/lY0FEcltrXk.mp4,2
train/iI6M1vTCiUg.mp4,2
train/fyu8Dknm4ns.mp4,2
train/2LilHQSu43c.mp4,2
train/D4Wl1KvBH7s.mp4,2
train/ShGgsPH2_is.mp4,2
train/qerliVkNLnk.mp4,2
train/Xo5UnXBKE2I.mp4,2
train/OTJ1xZG1q4w.mp4,2
train/zA8JivC8BwY.mp4,2
train/szC3LagoFSo.mp4,2
train/55DiOLAr0xA.mp4,3
train/a4Mu5ZqTb8A.mp4,3
train/9DV36J3wFeE.mp4,3
train/Pl3PGbWbe7k.mp4,3
train/ekYt5_KAk4I.mp4,3
train/mMqzZZbrfRI.mp4,3
train/jil0DdWs29g.mp4,3
train/gTCy59ci29s.mp4,3
train/2PAXVHlly4A.mp4,3
train/e47adT63e1M.mp4,3
train/sl_ng9uUbXc.mp4,3
train/q_hmirnhhrg.mp4,3
train/wJ096Ji1JuY.mp4,3
train/P_bwGxJSr4o.mp4,3
train/YB6gk1s3DwM.mp4,3
train/t--FflM59hc.mp4,3
train/4IM6swZEguU.mp4,4
train/83JPVbMQU4c.mp4,4
train/7Az3PyCpiZo.mp4,4
train/oGClgmWAefs.mp4,4
train/DFsbYsynvQw.mp4,4
train/LL8_mlqdqmI.mp4,4
train/iabmWH_yQoo.mp4,4
train/G2fNmkgSFXk.mp4,4
train/2abk8N_ClHI.mp4,4
train/CvY1Y-sAmz8.mp4,4
train/S-92tlSz_Ao.mp4,4
train/QAfaA63Ik0s.mp4,4
train/WOK4caXnG80.mp4,4
train/Owp6LPgyaTE.mp4,4
train/yNwh4329qMU.mp4,4
train/sRCkZ4-eoC0.mp4,4
train/4sjBEhCyAxM.mp4,5
train/AHzwmaVV5pU.mp4,5
train/8_yOUM40oNU.mp4,5
train/OHt7pyjMuN4.mp4,5
train/EcwoDeMp_Ho.mp4,5
train/LwoT7J0T18c.mp4,5
train/iZP4D0MVnOk.mp4,5
train/H17SRB97Bew.mp4,5
train/2PGFLlkHDhE.mp4,5
train/DU1esoZGz-I.mp4,5
train/sjQ0ETw3cFI.mp4,5
train/Q8STm8_NgAA.mp4,5
train/wzrM2a7Zs_g.mp4,5
train/oyUW2zhP6ok.mp4,5
train/YIZJI5n2qGo.mp4,5
train/tI6cvXISdYM.mp4,5
train/5SgQbnqkOTk.mp4,6
train/8QDwjixgrh0.mp4,6
train/8Gsz3THKsRI.mp4,6
train/O6vhlxGdd3A.mp4,6
train/CVOxPXdUR_4.mp4,6
train/lo5EVDbDOY0.mp4,6
train/IjtsLQFFgRU.mp4,6
train/flYNP_in0YQ.mp4,6
train/3pJNUYTs2zY.mp4,6
train/CbGHKv6MTB4.mp4,6
train/s1TDId6kUWo.mp4,6
train/PtZ1Dk-qK2U.mp4,6
train/wN4K3yTBXK0.mp4,6
train/OmcLM9zio_Q.mp4,6
train/YLqB05vvHXg.mp4,6
train/SYMoG5TqJHM.mp4,6
train/5yJmQIh9afw.mp4,7
train/aMV66qMVUno.mp4,7
train/A5bnKlQPi0s.mp4,7
train/Oi_LYAyPwKg.mp4,7
train/EOP3M5DbkSg.mp4,7
train/lif969iXzZk.mp4,7
train/iKn9rtxhvzw.mp4,7
train/gt0Zyn4clfA.mp4,7
train/3pOSvKCeTaE.mp4,7
train/_cHaA_pi6Tw.mp4,7
train/E5j5Ql1pc7w.mp4,7
train/Sa4Omx-X-tQ.mp4,7
train/p_mL50C3bTQ.mp4,7
train/we-sYlu5EHw.mp4,7
train/oxsRAbNc5dg.mp4,7
train/y3axB1uIXcs.mp4,7
train/5PbsQ3g33YQ.mp4,8
train/92BlBG8713I.mp4,8
train/8nn42F81ZQk.mp4,8
train/o9UGLG8qiFQ.mp4,8
train/dny8-JMnT_k.mp4,8
train/LBEhdxWx0Lw.mp4,8
train/iIOGfg2uP5g.mp4,8
train/GK3ADJjTB5w.mp4,8
train/2vZvZMuPCuk.mp4,8
train/_RoL5n54yfU.mp4,8
train/cyDz3cO4Jic.mp4,8
train/rnyU0tbrfUM.mp4,8
train/Pr3wzw_Ytfg.mp4,8
train/waEbGyhoCo0.mp4,8
train/OVov8Ngf0iA.mp4,8
train/yWjqADqR2Xo.mp4,8
train/5DIEybWou5s.mp4,9
train/A2--gca1VQY.mp4,9
train/8Mwenk_ZSU4.mp4,9
train/No4gMT-iTE0.mp4,9
train/eBdoMfCfy9Y.mp4,9
train/KvDVtAkd7pE.mp4,9
train/iERwGHP7xUc.mp4,9
train/G3hRYs0lP7k.mp4,9
train/2IRUFpnIE30.mp4,9
train/_qYTnEbS_IE.mp4,9
train/DRoiviCNUY0.mp4,9
train/R8BpntCM8pA.mp4,9
train/PBr8u9v077Y.mp4,9
train/WH7KOC3UgIY.mp4,9
train/OCGtc8iXHRQ.mp4,9
train/y8kvgIWAAU8.mp4,9
train/52wjl-lqmNM.mp4,10
train/9RCUASy2DJY.mp4,10
train/8Ro1fiH4DrU.mp4,10
train/nlGGzX_mKNw.mp4,10
train/CyntmpGVagg.mp4,10
train/KsjMQ9w4ufk.mp4,10
train/hD8wVaIRdhQ.mp4,10
train/f4IgTnhmaEk.mp4,10
train/3Cg176rKG28.mp4,10
train/_Tvojm_mKVM.mp4,10
train/CfCUh81ghzA.mp4,10
train/rMEftV6NTpE.mp4,10
train/paCXHeetIg4.mp4,10
train/vHn5fDOXA_w.mp4,10
train/nXBbIUW09Fc.mp4,10
train/Xxs8ZgBA9Pc.mp4,10
train/4Z4faemPNeQ.mp4,11
train/8fexaleP_7U.mp4,11
train/7r7YrNHdUlE.mp4,11
train/nAeruHqSqgQ.mp4,11
train/CSAMpMG7ams.mp4,11
train/lehL2G3IkmY.mp4,11
train/HJG67a-kxaw.mp4,11
train/EuQtBbtEncI.mp4,11
train/2P1DMsKiWOQ.mp4,11
train/z_3WzUr2ldk.mp4,11
train/Ce56rRXgPm8.mp4,11
train/rAYLWPtsH5Y.mp4,11
train/owwm_AjyZTQ.mp4,11
train/vyiIR-uWKGY.mp4,11
train/nSmh_ZhrVq4.mp4,11
train/y1MvKMms5uI.mp4,11
train/5j12XCKC_io.mp4,12
train/81HjiT9Qkpc.mp4,12
train/7K6I5CiM7NU.mp4,12
train/OthVSmZ01wQ.mp4,12
train/eewyjmwgWj8.mp4,12
train/LuA4ky82Vfk.mp4,12
train/Jasb8OhnPvs.mp4,12
train/h1OJLoU3ymE.mp4,12
train/3iNTdJuNOVE.mp4,12
train/_6SwERw3bXo.mp4,12
train/DrL81fvXS88.mp4,12
train/Sd6o_GpuPGs.mp4,12
train/QHpmKru-kYo.mp4,12
train/Wb3PhcBTfzY.mp4,12
train/PJeeayhhQHM.mp4,12
train/Y39J57JE99Q.mp4,12
train/66lMP3ijevg.mp4,13
train/AnS25FN4ePs.mp4,13
train/a-IzJLTbPoQ.mp4,13
train/ObgB-q27NqY.mp4,13
train/f2sE8lgifo0.mp4,13
train/LHr_tVXssGw.mp4,13
train/IXD43xaeQpQ.mp4,13
train/GZb_pumUnsw.mp4,13
train/3OXzPpzxteY.mp4,13
train/_ScUZzqlNLI.mp4,13
train/eOH7pOPdQ2U.mp4,13
train/rhTb6zzsdIk.mp4,13
train/pGbTnh0JhUw.mp4,13
train/wXKphNpQ0cU.mp4,13
train/okOnOidH0JA.mp4,13
train/yvcj1TMfb4I.mp4,13
train/6gkbkpRvKRQ.mp4,14
train/9EymMUqd4RI.mp4,14
train/8VIe7G6Zxhw.mp4,14
train/npYw0iZjndA.mp4,14
train/dBN-lIkMRdA.mp4,14
train/KTWOo8eluTQ.mp4,14
train/HRRGI4aAOw4.mp4,14
train/fRubKMsmBzA.mp4,14
train/4yu1eMeusAc.mp4,14
train/zXuxhCTkCWU.mp4,14
train/CqVXVplSvEg.mp4,14
train/rV8P8tcEyP0.mp4,14
train/PvrrKfmq6hg.mp4,14
train/WHQmNmhPfhc.mp4,14
train/O8TzORZzfyo.mp4,14
train/y4k4lUEPw8A.mp4,14
train/5aeYjTUgW94.mp4,15
train/81M67qtrARc.mp4,15
train/7qRlbOXbZ6s.mp4,15
train/O3uIgmHJtsM.mp4,15
train/eCVg3J_sfuA.mp4,15
train/lpCevHcWCUg.mp4,15
train/ipNlKtd8zhk.mp4,15
train/GurRfbSGE9o.mp4,15
train/2mSPgcdetlM.mp4,15
train/ZP9SQdlEfYY.mp4,15
train/Dh_BKF7Esuw.mp4,15
train/rv4uQKUo0hw.mp4,15
train/pmRVuuPhOeM.mp4,15
train/WamCLiSQ7wc.mp4,15
train/OlGU_YQlOHY.mp4,15
train/XVoyFkXD5wM.mp4,15
train/4Mm1gzS7fDM.mp4,16
train/8elvxHCKolg.mp4,16
train/6UN4nMsLDIE.mp4,16
train/og1dIOSghqU.mp4,16
train/dqVBTayOr90.mp4,16
train/kY67RiREMa4.mp4,16
train/hVJ58rkhDGQ.mp4,16
train/fTfXFmvApCw.mp4,16
train/2yaHWZAdffg.mp4,16
train/ZhXAix2PJGI.mp4,16
train/cydzFMKzCSQ.mp4,16
train/rsa2WW1UdJ8.mp4,16
train/pwBP2pwQoh4.mp4,16
train/w78MA-kdHN4.mp4,16
train/P-Lv4HPTsSc.mp4,16
train/xQHyWcWOSMY.mp4,16
train/5l_Vw8g6iRM.mp4,17
train/9_OLmMR2qhI.mp4,17
train/8QvMPpJHV9E.mp4,17
train/ny4cK3fjQqE.mp4,17
train/dwQAsWWb64A.mp4,17
train/LLwUwQMbc08.mp4,17
train/Ig6l8F-A6ko.mp4,17
train/GGmpQZklYeQ.mp4,17
train/3LmaFNKEcfw.mp4,17
train/Zhvh2-kMbpw.mp4,17
train/dKHf1hKtj6c.mp4,17
train/rfdGme_h8hc.mp4,17
train/prUW2RUfisQ.mp4,17
train/VaY7BySowEY.mp4,17
train/OLd0Eluj_y0.mp4,17
train/X9r9ZgNOiWk.mp4,17
train/5g9kDgtYZfw.mp4,18
train/8jzRKCFAaZE.mp4,18
train/7WIoMj0e-CM.mp4,18
train/nCsEB3YQ67A.mp4,18
train/DnNxBatpFA8.mp4,18
train/kHDbFLqYkno.mp4,18
train/HT0qm7CP0Xc.mp4,18
train/_taCP-8L15c.mp4,18
train/G1slC-FKAAo.mp4,18
train/_u5IgeIK-0E.mp4,18
train/3ZVCOVksOp4.mp4,18
train/ZSt_AvK3QGE.mp4,18
train/COD3I1lOfqI.mp4,18
train/rfrarnc1IYo.mp4,18
train/oZRnh9bDqMw.mp4,18
train/VTdSWSobbRo.mp4,18
train/526eCBIHwr0.mp4,19
train/8wh0dDXP_To.mp4,19
train/82K4qrQw3fQ.mp4,19
train/odAPRwegxFY.mp4,19
train/D2hki1HYFcY.mp4,19
train/kpHA0UpkKxA.mp4,19
train/HDANG9kiiBo.mp4,19
train/_ES0ckEEXek.mp4,19
train/fkxMYAzOWxc.mp4,19
train/_Hih-vN5lx4.mp4,19
train/2rtg-f5NkGM.mp4,19
train/yhTnCCnLD30.mp4,19
train/CI2gz7uzvfc.mp4,19
train/RoKPzjEgl6g.mp4,19
train/pU4shiIMc9s.mp4,19
train/UUDmGvr_E3A.mp4,19
train/4nElP3wIN_0.mp4,20
train/8Us7TjEL3NY.mp4,20
train/81lPw4Zo-80.mp4,20
train/nlzR-5NOojE.mp4,20
train/e1D0p3MAnVE.mp4,20
train/KXQbvhwz-5o.mp4,20
train/Ieb7Yw3af_w.mp4,20
train/_2dmQC7EjLU.mp4,20
train/gi013hH7g54.mp4,20
train/_jsEG6wG6x8.mp4,20
train/2kaiPB87BE0.mp4,20
train/Y_jBvsl7xjM.mp4,20
train/DAZ9O17dhtM.mp4,20
train/QytaqKszmLM.mp4,20
train/P-SkBF6J9v0.mp4,20
train/V36bIcR0Hwk.mp4,20
train/5Jwv8KvfvQg.mp4,21
train/9X1RYPrgea8.mp4,21
train/9CoZKhnUfWw.mp4,21
train/nNqB158ba2M.mp4,21
train/ex6EwdHhTBI.mp4,21
train/kyEzg-ISICc.mp4,21
train/IX7xLi01qVc.mp4,21
train/_5SBcxZRmss.mp4,21
train/hdq7N5YSjT8.mp4,21
train/_6qmEb7DWro.mp4,21
train/3OcV6HmvhQU.mp4,21
train/YXavpXQMSTA.mp4,21
train/EKk66TVoGjg.mp4,21
train/rGlDmHJKNiE.mp4,21
train/P8_AV--LExc.mp4,21
train/UP_DTZSkuyg.mp4,21
train/4x5qRHHKhxA.mp4,22
train/8oBIgxKG2B0.mp4,22
train/7pjOafTUbgQ.mp4,22
train/MuyhZwDeY1A.mp4,22
train/DFzTh81PEiw.mp4,22
train/KfFuAfuMjAE.mp4,22
train/HtLzkalPCsY.mp4,22
train/zXNwkMWvgK4.mp4,22
train/fitA4RmLLtw.mp4,22
train/ZyXyn9l3FYk.mp4,22
train/2w9UfQPib8s.mp4,22
train/yGA_-Nm4EU4.mp4,22
train/CSzMTqkLHyg.mp4,22
train/qLpXXLxhfcA.mp4,22
train/oo6ILlg846c.mp4,22
train/URpBfkVcAVU.mp4,22
train/5Yw1ruUr1SU.mp4,23
train/92drCbuzEJ8.mp4,23
train/8IjoDs7sI2A.mp4,23
train/MR4tHFRtF2E.mp4,23
train/DwTOdQ5Phhc.mp4,23
train/jPJDOfJWS3I.mp4,23
train/Hnd5TNQ0lgI.mp4,23
train/zZSk-C98tPE.mp4,23
train/G4gkY8F6pq0.mp4,23
train/zZTfnVUjGtQ.mp4,23
train/4fpYoL2zPvk.mp4,23
train/yxIkDQbfxxI.mp4,23
train/do0NekFhJXU.mp4,23
train/QnBUgw0HvcE.mp4,23
train/OMQJPMdf6ns.mp4,23
train/ukgigfq7qCY.mp4,23
train/4llEj4ka3qg.mp4,24
train/7tMP9d-2pCU.mp4,24
train/7oxBUcmG9m8.mp4,24
train/kKRVTN9r8xk.mp4,24
train/CcpdEpGVBM0.mp4,24
train/InH8KpHENgA.mp4,24
train/GGYopnr6dr0.mp4,24
train/ZOWguhFFG1M.mp4,24
train/ew3B7Gy5Uz4.mp4,24
train/zP6OUpn2igg.mp4,24
train/39VwrFFrVbI.mp4,24
train/YAIUfnWAl8w.mp4,24
train/c0aO-d21qVc.mp4,24
train/OupI0ZRi-nE.mp4,24
train/m9SrAxsD6gw.mp4,24
train/tBbx1mwIuQU.mp4,24
train/5N3TiXweNRM.mp4,25
train/8N8Y47PTInY.mp4,25
train/84q5trcbsRo.mp4,25
train/M97KcqBB0W0.mp4,25
train/Dgr99W4Wq7I.mp4,25
train/JkpGrxd3WcE.mp4,25
train/gxScnvh-nf4.mp4,25
train/zCXwqaT-50Y.mp4,25
train/F9hwylA0reg.mp4,25
train/ZdjI1o5IdMg.mp4,25
train/424--WnHJuw.mp4,25
train/XSljDKeWDbA.mp4,25
train/CVbar0kbuw0.mp4,25
train/pzP-tzlWXVQ.mp4,25
train/nzxZbsDrCsc.mp4,25
train/tUoSj0hC_Yw.mp4,25
train/53CiMpyHTuA.mp4,26
train/86mkvPoI_2A.mp4,26
train/7HlOqcCJeGA.mp4,26
train/M2QXKWrHRq8.mp4,26
train/D9HsRigxwXg.mp4,26
train/JK5-2X_GqP8.mp4,26
train/Gwud4eIo2bM.mp4,26
train/Z37mKNhwzQo.mp4,26
train/e_ttSd3fuww.mp4,26
train/z6dWHoClAss.mp4,26
train/3erCMIuGqDY.mp4,26
train/YaHZmjfXMCg.mp4,26
train/cnbjFXzxMag.mp4,26
train/qG226L8XCJs.mp4,26
train/Ntlaw87NBI8.mp4,26
train/ugSdHqgu-w0.mp4,26
train/6A1NT4Uu3Q8.mp4,27
train/9u_CE1OPz7g.mp4,27
train/9GH7sh6R78g.mp4,27
train/oxC6QFzV_jQ.mp4,27
train/COO7f0VDIiM.mp4,27
train/joiEtTHpfd4.mp4,27
train/Hn3h_qEaZks.mp4,27
train/ZR38ZDFRoX4.mp4,27
train/f8D_m-7gtq0.mp4,27
train/ZR7AtFc7ecY.mp4,27
train/3W3iM9x0zLQ.mp4,27
train/zeSeJRB116U.mp4,27
train/c6DJRPDeMU4.mp4,27
train/SLKhT1zIrKM.mp4,27
train/rGbYpWs5Go8.mp4,27
train/x5mW6O3zlfM.mp4,27
train/6BLUHPGCj0o.mp4,28
train/9f7odhDbJL8.mp4,28
train/8RtZ-aYheN0.mp4,28
train/NLtpsAv248U.mp4,28
train/dRJvAn-xGyE.mp4,28
train/L-_NrSmRlUc.mp4,28
train/i2NjQjpb6V0.mp4,28
train/ZBTFEnbhsJk.mp4,28
train/fX103bXj8fo.mp4,28
train/zCB-iYXO9zU.mp4,28
train/3SKsLYE_Im0.mp4,28
train/y7zcMdQa8YM.mp4,28
train/DbUeY1namqU.mp4,28
train/qlF-kz1rJSc.mp4,28
train/oQI6wuJhaG4.mp4,28
train/UhTwwjtX994.mp4,28
train/4wAx5U7IKuU.mp4,29
train/8wh6bRHnx84.mp4,29
train/8I3L7jQ0Yos.mp4,29
train/n3zLRA4QLJA.mp4,29
train/DGSeJxF0d4U.mp4,29
train/Ku4jMkLsbQE.mp4,29
train/hHrUspbSxVc.mp4,29
train/Z09ZttWqutY.mp4,29
train/FCpOFD7e_tc.mp4,29
train/z1iHSbDXyaI.mp4,29
train/3DxqwkHqVEc.mp4,29
train/xqT0yUY0gMU.mp4,29
train/cI4gbor6pXw.mp4,29
train/QYnv5mPgdP0.mp4,29
train/_TUcHlaWP-A.mp4,29
train/pFiO6YScyhI.mp4,29
train/4CbtxBZFe4s.mp4,30
train/8h9D0tnYUhE.mp4,30
train/7wfET3gQLSM.mp4,30
train/MpYsjXLD2Lk.mp4,30
train/CuBH9zDaHmw.mp4,30
train/JWdPHtCcDAg.mp4,30
train/He4yk8AJdFE.mp4,30
train/YnGRMn8FBuo.mp4,30
train/fDKzFofOwTY.mp4,30
train/ypKpWM522jY.mp4,30
train/2150w5wIbXY.mp4,30
train/xIza-AULafs.mp4,30
train/cK6IDGc91Mk.mp4,30
train/qSaw1K9TBRo.mp4,30
train/_Gwgm3s2EQ0.mp4,30
train/oTNiLR50yKE.mp4,30
train/4L-9F-DlYmk.mp4,31
train/7RBpvoe070g.mp4,31
train/6T3kxBC03ew.mp4,31
train/mzZAfIcYa9Y.mp4,31
train/cWpWgMArkRE.mp4,31
train/K-gGaKEOoq8.mp4,31
train/GCKH5DGXTec.mp4,31
train/yPzvtFDZLSQ.mp4,31
train/eU7pJ0AVTHo.mp4,31
train/yq_Inzuh26I.mp4,31
train/31y9HJqv8as.mp4,31
train/xEXnWG0e7ds.mp4,31
train/cCzETvRJMoM.mp4,31
train/P_oq6uB0wms.mp4,31
train/_GdbOk3aObg.mp4,31
train/oEpkulAkNKg.mp4,31
train/5fPFWil1ctU.mp4,32
train/8AllZDTyJOU.mp4,32
train/7Uw6FCKQqdY.mp4,32
train/mJ9O48mS8eA.mp4,32
train/COLDhixt5fk.mp4,32
train/JUsHn39C6dY.mp4,32
train/hblkQEHPDQU.mp4,32
train/YLnS2YMZrgA.mp4,32
train/f8WpZrxfxm0.mp4,32
train/YMz1kHNFTys.mp4,32
train/2kvEnYKelT4.mp4,32
train/XE4cGlA--vQ.mp4,32
train/ceI5ThLXoGo.mp4,32
train/Pc0k7Cn8Scc.mp4,32
train/_QtWNj8h4GY.mp4,32
train/nMjS5LXu6ug.mp4,32
train/4LF7c0LhrL8.mp4,33
train/88fTp1p3neg.mp4,33
train/7PaO3CUvj8M.mp4,33
train/N8imW_q6Ixs.mp4,33
train/dllA1JBcBbw.mp4,33
train/kSUAIEuY-CE.mp4,33
train/hs49ESDVhts.mp4,33
train/y6IpuGQ8XBU.mp4,33
train/FmWsbwe--gA.mp4,33
train/YAizYXWRRfc.mp4,33
train/2VDgGJKimg0.mp4,33
train/WqBmLFGieqI.mp4,33
train/czR9RkdZiNs.mp4,33
train/Q1FsGZNcMko.mp4,33
train/_8dBvwy0WGw.mp4,33
train/OMrqb_kh6DU.mp4,33
train/3zVp_9wNhss.mp4,34
train/88aQQ5yJMFk.mp4,34
train/7CsRq98ASF0.mp4,34
train/NDYJXUap8CM.mp4,34
train/DF_7gRarC3k.mp4,34
train/KdN3us7bUAA.mp4,34
train/hjgYWdLprX4.mp4,34
train/XzUwwgpv6AM.mp4,34
train/F7VdvTcpJ40.mp4,34
train/y0mxz2-AQ64.mp4,34
train/2ekJLiKlFko.mp4,34
train/wVzC9RyxNQM.mp4,34
train/CpJiQSr05zI.mp4,34
train/QfW_iGAJi6o.mp4,34
train/Zqb_F3VNg2s.mp4,34
train/OkAqYsbwcfE.mp4,34
train/3WePZKv9w4w.mp4,35
train/8BZTRVAcHDk.mp4,35
train/7WdKikUk8D4.mp4,35
train/mwCdAbR18hI.mp4,35
train/D1PMVFAcMko.mp4,35
train/kqrnr3SqpUk.mp4,35
train/hjYN8J7ZUQI.mp4,35
train/YdGEu8nCsus.mp4,35
train/fkpB75uyZCg.mp4,35
train/YDnDo6jk1gQ.mp4,35
train/2J6VSWoEcDk.mp4,35
train/XaUJJEtWd38.mp4,35
train/Ct0_EVNlq5E.mp4,35
train/QTzZzvk2lkk.mp4,35
train/ZMq_t38cf3g.mp4,35
train/OJXW9TNUB5Q.mp4,35
train/4wrXFJjWRY4.mp4,36
train/8AMldAomlzE.mp4,36
train/7kX_iRenwTg.mp4,36
train/MmgiS5B-IdM.mp4,36
train/DcoDj4kS-Gs.mp4,36
train/jOO_rN-T2to.mp4,36
train/H70YVy2jBnE.mp4,36
train/YDpn-FGgRZ4.mp4,36
train/fbGds0EfzDA.mp4,36
train/yGIZI-YRP5E.mp4,36
train/35XD-yf08SM.mp4,36
train/WV88sYquq4I.mp4,36
train/Cvdq04wmeQA.mp4,36
train/PPzgxamyjEM.mp4,36
train/ZP0IHOvS4nM.mp4,36
train/o5zXwG0Un_8.mp4,36
train/3cEz2chcFkw.mp4,37
train/6OCaJMV30m0.mp4,37
train/5z_kymwXlHc.mp4,37
train/M1ZK3hHFA5g.mp4,37
train/b_VU4KOBn5A.mp4,37
train/Jfnctw_DYyw.mp4,37
train/GmgTjFdOu6s.mp4,37
train/xiCqEhlBDL8.mp4,37
train/ef4u18M7Yog.mp4,37
train/XJ4xgs1dzEI.mp4,37
train/1ur5SQPm4K8.mp4,37
train/wbpQhiNDxvo.mp4,37
train/bDYO0InXxx8.mp4,37
train/pnBdsf5pRx0.mp4,37
train/zg4bt1HeleM.mp4,37
train/O0b6jZTNUBs.mp4,37
train/5qjCEi0PB4M.mp4,38
train/9CeS-loDPGM.mp4,38
train/8OWTeEFTi3w.mp4,38
train/MhAqOiOGQoE.mp4,38
train/DK8Teh4JL0U.mp4,38
train/jTLQTrrF5mw.mp4,38
train/H1qGodOYk2o.mp4,38
train/y5JDIZJhC2Q.mp4,38
train/fmfOGWS2JF4.mp4,38
train/yck9nm2kmW4.mp4,38
train/2wSEVFEaC1k.mp4,38
train/X405Li7VQJU.mp4,38
train/D5bVs0_PjHg.mp4,38
train/P_i3VWRnJMs.mp4,38
train/zqstwFRGlF8.mp4,38
train/O9CcXZIXwqk.mp4,38
train/633vGklNp8s.mp4,39
train/8Nmf9_8EEFU.mp4,39
train/7ZQpVeTUJt4.mp4,39
train/mr1RQkOfOAo.mp4,39
train/DuE-DZBbH08.mp4,39
train/KSOm-1Ogd78.mp4,39
train/HkKeJy0azKc.mp4,39
train/y0kVnHRLZUs.mp4,39
train/fQb8II8-Lgc.mp4,39
train/y43wYETnTcs.mp4,39
train/31x3N975mnE.mp4,39
train/wu_41UTQ5AE.mp4,39
train/DDrijfHkczQ.mp4,39
train/pLR7UGt7z0o.mp4,39
train/zgNUzr0DXJs.mp4,39
train/nyC-splk9qs.mp4,39
train/4VCy9Lm3FZc.mp4,40
train/8eGUExYaBMI.mp4,40
train/7XJGnD1GelU.mp4,40
train/MU2v4wNPlsw.mp4,40
train/dPZSPiOPJ_Y.mp4,40
train/kA64fd18pRc.mp4,40
train/HK4EKXGqoYs.mp4,40
train/XQzUVmTT-GU.mp4,40
train/fPqXsx86SOo.mp4,40
train/XSgTxPJF_Xw.mp4,40
train/39iaenzGH7o.mp4,40
train/WkJzG-jzyF0.mp4,40
train/cv2JoubDf-U.mp4,40
train/PtSEziWYD88.mp4,40
train/ZOs5-g48qK4.mp4,40
train/O7Pt046W1F4.mp4,40
train/5QS7YWOQnRE.mp4,41
train/8ZJlrRAw1ys.mp4,41
train/8AEEC44-VPQ.mp4,41
train/mkEME_iWi9o.mp4,41
train/CHUZfJCAA4A.mp4,41
train/jZVYlLH-8qk.mp4,41
train/gW95DBhSck0.mp4,41
train/Xv7YiPjUFt4.mp4,41
train/evfzp1cUtpA.mp4,41
train/xw4EKUvAZ0U.mp4,41
train/3RsjESUUBkE.mp4,41
train/wsAriIGHSdY.mp4,41
train/bWKcjUGL9pw.mp4,41
train/P7c9hTh2v2M.mp4,41
train/ZdVMxpASMx4.mp4,41
train/NmFKm5zAHnI.mp4,41
train/5C2tYxUP0Ro.mp4,42
train/96eRXrBMFHk.mp4,42
train/866C7azwggU.mp4,42
train/mP8hI0Hf2Zk.mp4,42
train/dCJmMvH6acQ.mp4,42
train/kesWDs_JmJQ.mp4,42
train/HM8VdlSydSo.mp4,42
train/XUxyb2EbKfE.mp4,42
train/FDEy4ABvOAw.mp4,42
train/XypbVzkCA_s.mp4,42
train/2wOZfVlx-5k.mp4,42
train/wopQ8WteW6w.mp4,42
train/CUqelkT9224.mp4,42
train/PlP4Lyc6gdQ.mp4,42
train/ZpN6PgXnV5I.mp4,42
train/NZr4iulE-oY.mp4,42
train/3WfIqboFIHM.mp4,43
train/6z4Rnq7PUJ8.mp4,43
train/67xwrK7m6zo.mp4,43
train/kV-3tSI4eoA.mp4,43
train/CQXbTTjJKEc.mp4,43
train/J70gx1SB8_U.mp4,43
train/Gh_AT7P2pyU.mp4,43
train/xamUQMCj0lU.mp4,43
train/EaStvpzOVqY.mp4,43
train/xAn3rXcCCS0.mp4,43
train/1X2Sp8YnhPM.mp4,43
train/WdZE5z9suRM.mp4,43
train/cFfeb2xDDjo.mp4,43
train/P6wQ62_M6Ho.mp4,43
train/yOIQWPBsWX0.mp4,43
train/MVbGyVTzFHI.mp4,43
train/5Hi6MMql06Q.mp4,44
train/8dMqz70wcw4.mp4,44
train/7Td1haM1QJw.mp4,44
train/Lc4sa3tbkKQ.mp4,44
train/cJFY1UMH898.mp4,44
train/IR8Xdf_eHEI.mp4,44
train/fPJnvoEKGYM.mp4,44
train/x3N7J5IUQDY.mp4,44
train/E-BKldb1Nws.mp4,44
train/x6dM_6-_rag.mp4,44
train/3nV98TgLolo.mp4,44
train/VpPuH9II-38.mp4,44
train/CBgfwSioFR0.mp4,44
train/oBZ7OTneh-I.mp4,44
train/YZIl1XdrdHI.mp4,44
train/mJMKwCVAh94.mp4,44
train/4m0VtFl6jio.mp4,45
train/7N_WYSAbHv0.mp4,45
train/70Ky1HSc4Aw.mp4,45
train/mKOd1xNH1yI.mp4,45
train/cncEuwM0Kgw.mp4,45
train/__wPHayoMgw.mp4,45
train/JpNV4dOHY5w.mp4,45
train/H6mkQOUxN74.mp4,45
train/xVJpWuT_4YY.mp4,45
train/FdRPeWuOPWg.mp4,45
train/xW03k3cUGQQ.mp4,45
train/2L9pp85KvbQ.mp4,45
train/WJMiDzx9PgM.mp4,45
train/CbF-Atmpa00.mp4,45
train/PlgiijJ1w8c.mp4,45
train/z6WlJ3xcz0k.mp4,45
train/47giJovClRI.mp4,46
train/7Q3LAt9Tf6Q.mp4,46
train/6vb8tH3_Dv0.mp4,46
train/L-SVYBVsgko.mp4,46
train/cI4lxh2-vGw.mp4,46
train/_wLLug5-SX4.mp4,46
train/Imzsc5EC1mQ.mp4,46
train/g7g4jPso9WE.mp4,46
train/xKHQda3Bkg0.mp4,46
train/efC_OwrGpQA.mp4,46
train/XL8IAIhxMmY.mp4,46
train/1ur2elLAFVo.mp4,46
train/v_lZRiE09_w.mp4,46
train/C-sBS57V9TQ.mp4,46
train/OhukAArwhDs.mp4,46
train/YWDojj6XVYo.mp4,46
train/330ZQlh197U.mp4,47
train/6q0o4RBNILs.mp4,47
train/6GcsCs1Dqes.mp4,47
train/LwPwLY1vhT8.mp4,47
train/c-LIyeZuJFU.mp4,47
train/_TI-fASlyJ4.mp4,47
train/I_z7yQHzG3Q.mp4,47
train/GL00KVAAp5Q.mp4,47
train/xNQJbaKIKaM.mp4,47
train/ErbtfHQM8VM.mp4,47
train/XnSmTSCS8t0.mp4,47
train/1qF8iKSnFFw.mp4,47
train/vxZYuRDhLTc.mp4,47
train/Bm3Qyp757Sw.mp4,47
train/PDsJnsfOHKc.mp4,47
train/yOAK01C81eI.mp4,47
train/4zqsYWh5YMw.mp4,48
train/9eIS1GGHf4E.mp4,48
train/8k3PHxeuU0U.mp4,48
train/moqtfolmfwI.mp4,48
train/dNaYcZCQIo0.mp4,48
train/_WCZJgoBSqQ.mp4,48
train/jOT1xNxv-R4.mp4,48
train/Hidq8lRVI3o.mp4,48
train/xBZ_KID-Fb4.mp4,48
train/Fp0r6uuCmBM.mp4,48
train/XIohAL5-BR8.mp4,48
train/3a6vk_-AyRI.mp4,48
train/WDNeGpZiYL4.mp4,48
train/D1kfcNCg0xA.mp4,48
train/qAeyfA9MQlE.mp4,48
train/zdhETrRCAGo.mp4,48
train/5K4IMr8Ewck.mp4,49
train/97URRFg9IOg.mp4,49
train/8w9EdJNPOFI.mp4,49
train/mcVoDwnIIxk.mp4,49
train/CulAqUEiUFQ.mp4,49
train/_J93jC946OM.mp4,49
train/JMXirzs31cM.mp4,49
train/GoW2KjoA780.mp4,49
train/WtHQ1KO9_xI.mp4,49
train/eXN_3ZD2_Fc.mp4,49
train/wTiSvGEWySE.mp4,49
train/2Z_rUxzJtgI.mp4,49
train/VX6tq579zaM.mp4,49
train/cFaq7HNPYSc.mp4,49
train/PboDlZvp4qI.mp4,49
train/YOYppHszL0A.mp4,49
train/513xu7Fu1bc.mp4,50
train/81ANzcFHdqY.mp4,50
train/7kAGFuT2CIY.mp4,50
train/lXjFWIBwu4E.mp4,50
train/CRdLACe46ak.mp4,50
train/_laTzbdq3UU.mp4,50
train/jGVYD43usp8.mp4,50
train/gATAtXLVGgU.mp4,50
train/Xaa7CDAPrsU.mp4,50
train/egBB6IlcqWc.mp4,50
train/xdlVctiIL00.mp4,50
train/2JeLZvK7WK4.mp4,50
train/w7Rj42R4xh8.mp4,50
train/CBwiM8cHdNE.mp4,50
train/OsJEotOLYWo.mp4,50
train/YpvCvJ3ppUM.mp4,50
train/4Wb39Gwu5sQ.mp4,51
train/70VzJijbRE4.mp4,51
train/6nKW27pahZc.mp4,51
train/ld_KYBAX7eg.mp4,51
train/cDdZu3rUqwA.mp4,51
train/zXqEc29jTIE.mp4,51
train/ituAv6xWWn0.mp4,51
train/g7UsfwVWX28.mp4,51
train/woodZvZis6c.mp4,51
train/Ecs_81JFyyY.mp4,51
train/WoY5hwPIF18.mp4,51
train/22uF3pYANoQ.mp4,51
train/VmJcRV3VQjw.mp4,51
train/bpyTwMSC_s4.mp4,51
train/OFeTGu1GTMA.mp4,51
train/y7rBSWVU-20.mp4,51
train/5FhAlO8jgAQ.mp4,52
train/9QizaFAsco4.mp4,52
train/9ekapq7AlLA.mp4,52
train/lQaQ3PC04CY.mp4,52
train/DdhSAdtk_KU.mp4,52
train/_ATyAqBL_DE.mp4,52
train/JjFEKBn9ab0.mp4,52
train/gPwrP23n4dk.mp4,52
train/wys73H-TyHw.mp4,52
train/Es_oh0b3AO8.mp4,52
train/X6pG-rPYGfE.mp4,52
train/25ex3fwDUrU.mp4,52
train/Vs7_1Fg67nw.mp4,52
train/CUNWmzGeODs.mp4,52
train/OZSxL7hheJ8.mp4,52
train/YlNQVgJMHQM.mp4,52
train/5K6GiBk7-B8.mp4,53
train/8ps-sb2PSiQ.mp4,53
train/8eN2_yCSP90.mp4,53
train/ls7oOV8U2_g.mp4,53
train/csEkmAkLfvI.mp4,53
train/ZvqeQ9STXkg.mp4,53
train/jg921vQv-NY.mp4,53
train/gmE90XbBgOk.mp4,53
train/wuMxMUeJccM.mp4,53
train/eQ0Lz800n_8.mp4,53
train/wv4iWaYh3IQ.mp4,53
train/39QgzQvgb9c.mp4,53
train/VTzq4ozk2wQ.mp4,53
train/Ce4loAYvS3Q.mp4,53
train/p5g1JZEW3H8.mp4,53
train/YakcTOPhGmo.mp4,53
train/4TwdGmmSPHo.mp4,54
train/8F985X8XOjI.mp4,54
train/7KIsJWrfV8g.mp4,54
train/lwdUGtYkJhs.mp4,54
train/cwDQoypMXYA.mp4,54
train/_fKcy5sA8Jw.mp4,54
train/JTqXINEsmi8.mp4,54
train/GUsEnZhOO-k.mp4,54
train/X6kYdJlvJWI.mp4,54
train/f4KhXnSJVqU.mp4,54
train/X7m1OkP-iZ0.mp4,54
train/2aYTrIpT0l8.mp4,54
train/W4zye1zD-7o.mp4,54
train/_yxz4pU2UV8.mp4,54
train/c3szPWWwv2Y.mp4,54
train/PGoxANLb6g8.mp4,54
train/4c0ju51I6o4.mp4,55
train/7RyjoBuDdcU.mp4,55
train/73a5X0Gx8W8.mp4,55
train/L-hVVHD5kSY.mp4,55
train/CGQfpj5Q2XA.mp4,55
train/ZZ_V9Pp-nXk.mp4,55
train/iOkXbDM_8qo.mp4,55
train/G63TZcUP7t8.mp4,55
train/XHfKTx9x0E8.mp4,55
train/E40Hx-6lmd8.mp4,55
train/xI6ddvwDzmo.mp4,55
train/1t0oE7yEkpI.mp4,55
train/w5lh_rKyKtE.mp4,55
train/_SmR0dvMDYk.mp4,55
train/BtUJLjchcPc.mp4,55
train/OokOW1YjFXI.mp4,55
train/5DCv7W9XUE4.mp4,56
train/8HmWRfk-eLg.mp4,56
train/7ZGmObtj8ww.mp4,56
train/LJeqQNPZEdo.mp4,56
train/CA-pEPH7NK0.mp4,56
train/ZTAGfNmFEGo.mp4,56
train/IHthTkc0ids.mp4,56
train/fue0hRnubOU.mp4,56
train/x-it_AfPf0Q.mp4,56
train/E41eAs-iWbk.mp4,56
train/X3V3KwZ5DoQ.mp4,56
train/2RsAgD1jgOc.mp4,56
train/W6-1BS3UdDo.mp4,56
train/_9EmWwOMgkU.mp4,56
train/bVuWJZpB-EY.mp4,56
train/OitiEH3XPUs.mp4,56
train/4N4jTrQdj_A.mp4,57
train/86Ocm9oWRLA.mp4,57
train/7I9BbkyIgdY.mp4,57
train/l3xHxcxzUr0.mp4,57
train/CUSKcEdzbE8.mp4,57
train/zbnpWgbAdBM.mp4,57
train/j8E43iFvD_Q.mp4,57
train/GKjZPt774_A.mp4,57
train/wfYphjthhI8.mp4,57
train/EKRbMH6AoKs.mp4,57
train/WG-3_-IFIAo.mp4,57
train/2iKlsQqCxrc.mp4,57
train/ViAWGa3sKUY.mp4,57
train/z_P4La1EWsc.mp4,57
train/cCBAo__uBoQ.mp4,57
train/o7kYi2JnNN4.mp4,57
train/3bs67zRgcD0.mp4,58
train/5P0UED_RQ2s.mp4,58
train/597Zr1D9v24.mp4,58
train/KQ8taDTxNZM.mp4,58
train/BIpJY3oaJcE.mp4,58
train/zmnuvIGJFVY.mp4,58
train/I7HvN7Wtdj4.mp4,58
train/FAD644VWBc0.mp4,58
train/w6TSNi6aoNU.mp4,58
train/dE1CsFPihmg.mp4,58
train/W8bfJSCLv6E.mp4,58
train/1KOHtP6Buz4.mp4,58
train/UX8CeWKQEsw.mp4,58
train/ZyumEuyFkak.mp4,58
train/A_-Fe3m7M6o.mp4,58
train/OeqmzruGZWQ.mp4,58
train/4m2ik3rJ7yE.mp4,59
train/7VGnsKb5vZ4.mp4,59
train/7BkTq-bWmh4.mp4,59
train/L2Xwr1AYtk4.mp4,59
train/cQx1S9oYsuw.mp4,59
train/Ze3-A9MyA8I.mp4,59
train/ijFd-RXvlTg.mp4,59
train/G3gReYBSrHM.mp4,59
train/wMD3Ykeacb0.mp4,59
train/E7dD0aUP69s.mp4,59
train/WP6PCKj0tdI.mp4,59
train/2mM-5cB3kfQ.mp4,59
train/vJriW6k8FFQ.mp4,59
train/zZVJI-SO4GA.mp4,59
train/c-l6592jZ70.mp4,59
train/ogGB5mF1lHA.mp4,59
train/4-9mOAMyBaU.mp4,60
train/7LlJyABzzCY.mp4,60
train/6vJCKACIO4k.mp4,60
train/kTupco1YEg0.mp4,60
train/C9bH-nDZHVI.mp4,60
train/zRFGD5pb0bI.mp4,60
train/idsOxRn83xg.mp4,60
train/g9FGF65HFeI.mp4,60
train/wr4og0YWZ5A.mp4,60
train/ElavoYPY-ic.mp4,60
train/wrC5Ia7onyg.mp4,60
train/25-aVQKeoE8.mp4,60
train/VGYDXHFJ2zQ.mp4,60
train/_5MtP_LzpQo.mp4,60
train/boBtFx0XwSA.mp4,60
train/oGTWVl2xc6o.mp4,60
train/5SCnPTRoqwk.mp4,61
train/9aRTKAp3LKQ.mp4,61
train/8c3QanQON58.mp4,61
train/L2vKVYnWgu0.mp4,61
train/dbwPArtHFnw.mp4,61
train/Z7vJ-GvBbHo.mp4,61
train/IuAh9q6wp5k.mp4,61
train/giEslyg5q50.mp4,61
train/WuUIOba9Px8.mp4,61
train/eXWWmIVVQV8.mp4,61
train/Wuy4p_0NMWE.mp4,61
train/3SUwOd4z8fY.mp4,61
train/VqjlGT8xRNc.mp4,61
train/zo8Cwmz0qLs.mp4,61
train/cM3RqGnmldQ.mp4,61
train/OOB2RVZueKM.mp4,61
train/5B_ddFCVZMI.mp4,62
train/7ollHSPFEHg.mp4,62
train/6VuE7-CZ014.mp4,62
train/KtHtQQCvuq0.mp4,62
train/cKByfTNz-DA.mp4,62
train/ykx0VzBIOXQ.mp4,62
train/iiQAbUvKGyE.mp4,62
train/gdhKNLI2248.mp4,62
train/W6DvokDvbnQ.mp4,62
train/eseWNxQUUMw.mp4,62
train/W8SuGrejbFc.mp4,62
train/36cIxLaYgLg.mp4,62
train/VEftdD7KKAI.mp4,62
train/zcdM-1joQvY.mp4,62
train/c2XrfqWy308.mp4,62
train/Og42Q0RjG3c.mp4,62
train/50SE1a0cGoQ.mp4,63
train/8_CJOHx1OO4.mp4,63
train/844jKaci73g.mp4,63
train/jWLdSXSVex4.mp4,63
train/cKcY0eLlJX0.mp4,63
train/yixMcJi8VDc.mp4,63
train/Iek8VijdQ4k.mp4,63
train/fPDbDJbn2lM.mp4,63
train/VovSV9U9PLg.mp4,63
train/E2MzmexxKTs.mp4,63
train/vpVuzXTizr4.mp4,63
train/2OqTumB_fDA.mp4,63
train/u9adRKsFzHs.mp4,63
train/Ywfp88yUsgs.mp4,63
train/bYtULhDpuKY.mp4,63
train/NL5CjKz9vNY.mp4,63
train/5cXu2VpXlf8.mp4,64
train/8WVk3mOfyeM.mp4,64
train/8dDqH1KJBOg.mp4,64
train/k7jBMzD_iFI.mp4,64
train/cGoF810Si9o.mp4,64
train/yBISaiEMzto.mp4,64
train/HZ9ULb7Y_Zk.mp4,64
train/fgpmgrKVbeQ.mp4,64
train/UJqCvXx1Wwc.mp4,64
train/E0cZc8O_wdA.mp4,64
train/UJ_p85GrZW0.mp4,64
train/2F1w0UmIxsw.mp4,64
train/tF_BZu6I6so.mp4,64
train/yx3Kz1gujCQ.mp4,64
train/bY6ELALVKpA.mp4,64
train/N6s-Xv8VUM4.mp4,64
train/4VoU71Fo8xE.mp4,65
train/7G4BVSjsQz0.mp4,65
train/6X8QZFadY-U.mp4,65
train/LMvTKYBz-f8.mp4,65
train/c5jUKpAAq5w.mp4,65
train/YHcRx6pdeEM.mp4,65
train/iyKeedfee48.mp4,65
train/FU8sFbdWk78.mp4,65
train/VMwSYhjndnY.mp4,65
train/Du7xf0l9epA.mp4,65
train/Vn-8OlzK-pI.mp4,65
train/3Axl_Vi2adk.mp4,65
train/uK_u2iGtZbM.mp4,65
train/yW_4chPazG4.mp4,65
train/bonJKL6jQI4.mp4,65
train/o4NY6cimbNE.mp4,65
train/5rBqLT3hVJ0.mp4,66
train/8RUGnxg10mM.mp4,66
train/8Afn_XhRrlE.mp4,66
train/kWLGyFa745Y.mp4,66
train/ci9KzjCfTlE.mp4,66
train/y6VS5GlnIpE.mp4,66
train/i3ric9YwuMM.mp4,66
train/FqD_BNsUHfA.mp4,66
train/VHIqGT3rzwQ.mp4,66
train/eD2rnNwBST0.mp4,66
train/vlayTqI9oi4.mp4,66
train/2Ymia0xPx74.mp4,66
train/UDAMlor9zxE.mp4,66
train/yrBND7b1VwM.mp4,66
train/c42hJEQnRGU.mp4,66
train/o5K2ASEGp4I.mp4,66
train/4qZHhThCciw.mp4,67
train/85yC2njq0-U.mp4,67
train/7EIbYvy66C8.mp4,67
train/kI9nqo6Ttgw.mp4,67
train/cJ_FQijbdHA.mp4,67
train/Y4bVrRt8WDM.mp4,67
train/IBfn9blNnHI.mp4,67
train/G4AZxwqQP2E.mp4,67
train/UZ1dbIX5N80.mp4,67
train/eDbHvQeXM5I.mp4,67
train/UZpSagPkOUQ.mp4,67
train/2BWoPNeGNIw.mp4,67
train/U-UNICDe3e0.mp4,67
train/YMC7E6iQkDI.mp4,67
train/C4CkPZvYR88.mp4,67
train/nQjjHjcjzb0.mp4,67
train/3NXXMW6bqmU.mp4,68
train/6uJnBNe-sG4.mp4,68
train/6cJACTx_3b4.mp4,68
train/KK6UKzuv2k8.mp4,68
train/BRVSAQtyoAA.mp4,68
train/X0zYkqOwk4I.mp4,68
train/i4ZJBktIj2s.mp4,68
train/fhBkCOJQcgQ.mp4,68
train/URB4PGNhmmY.mp4,68
train/DkqjiA0Qp6g.mp4,68
train/uRhy2ZTWqGw.mp4,68
train/22tnsXO9v6k.mp4,68
train/tqZIRXo8r4o.mp4,68
train/xnI2QxY0NTQ.mp4,68
train/BDcItM8xCmo.mp4,68
train/N5W7E_32pXk.mp4,68
train/3C7-P85UtdE.mp4,69
train/6cGUKir8tlA.mp4,69
train/5uZO4oC7sp0.mp4,69
train/Kg-3MPRgnnA.mp4,69
train/bgo0iUw7G9g.mp4,69
train/xPVOe97KLJI.mp4,69
train/HYgB205DOY4.mp4,69
train/f4wJ_YMD-t0.mp4,69
train/UmzRsaFvhE4.mp4,69
train/dJmrHf-v4v4.mp4,69
train/UN6gDRU4PxU.mp4,69
train/1pxHVmWcgBU.mp4,69
train/towrHUZoGQ0.mp4,69
train/YHUtbmPIgh0.mp4,69
train/B64zOb9G9GA.mp4,69
train/NQg0Il3aKxE.mp4,69
train/4FXvAFNvFMs.mp4,70
train/80RCxkL3fuw.mp4,70
train/7DwaP8uUp80.mp4,70
train/kGxmVVlG4Iw.mp4,70
train/Cej1vkUfHQk.mp4,70
train/YCr9nu3G86M.mp4,70
train/hXI6mlWlZv0.mp4,70
train/fLwX4rQhsSI.mp4,70
train/VHzb76U3Yx4.mp4,70
train/DZVTXfrPel8.mp4,70
train/vIdv5txFw-Q.mp4,70
train/2f_OE1mTbUw.mp4,70
train/u1hYXe1em0w.mp4,70
train/YRqwNMdn8JM.mp4,70
train/BtvAd4OCMME.mp4,70
train/ogU3t-acelI.mp4,70
train/4cMSPLixfG4.mp4,71
train/7rv9leflhxM.mp4,71
train/7gV9Q1wnqJE.mp4,71
train/KRZo2aVNA7k.mp4,71
train/bsWB4nd9CR4.mp4,71
train/yGG4hL7sSaU.mp4,71
train/hIJxhR4tDME.mp4,71
train/FLo2GfradsI.mp4,71
train/vFF7goEIR2I.mp4,71
train/dWUz1cpgP5A.mp4,71
train/VfIkymVCEa4.mp4,71
train/2l4XNeolRHc.mp4,71
train/UEZumeDn_lI.mp4,71
train/YpAqKg914X8.mp4,71
train/Bf9VJK_c3Ag.mp4,71
train/NtcJQYN5RJM.mp4,71
train/5258CFAMA2s.mp4,72
train/7YhU9467raw.mp4,72
train/7KInHgWGk-w.mp4,72
train/Ll9ZBeg8H88.mp4,72
train/Cnm2nCWNgD4.mp4,72
train/y4VPiSODrZc.mp4,72
train/JDwUdBARYpY.mp4,72
train/GPHvqa8FHeA.mp4,72
train/uSFdJY0qDBk.mp4,72
train/exutpB3n1aM.mp4,72
train/uUJRWwUC0Gk.mp4,72
train/3BiqA6_Q3Mc.mp4,72
train/U0KLIDk8lXo.mp4,72
train/ygr52rUOsGY.mp4,72
train/bRBgm4JzGWk.mp4,72
train/OErmPejCSXU.mp4,72
train/4aLrmCJXQfU.mp4,73
train/6Xo5NBUNlHM.mp4,73
train/6jqNP7y62-g.mp4,73
train/KZJGmLysXKI.mp4,73
train/ck7BdprqdtA.mp4,73
train/y-qS4Ri4mLc.mp4,73
train/IZ0NxlMIr4k.mp4,73
train/giLJTSEOOL8.mp4,73
train/vQqXfGtvYkU.mp4,73
train/eopPURA6yM8.mp4,73
train/VrpvEP6FCGg.mp4,73
train/2KL9nALTXHw.mp4,73
train/uRfTfKgX9V4.mp4,73
train/Yj-Z_Ih43rk.mp4,73
train/C-KWR7BdpcM.mp4,73
train/O2FAvQMfM30.mp4,73
train/3sFjhNi1gAE.mp4,74
train/68U_40lS6C4.mp4,74
train/5u2oLFFI070.mp4,74
train/k3TyPyVvCTw.mp4,74
train/BkO92yU1oqY.mp4,74
train/yCtNjyMiTkY.mp4,74
train/HwsRYCWm0oU.mp4,74
train/fAZ5oBq2IIA.mp4,74
train/w79ULv63qzA.mp4,74
train/D6CxC_8-xTQ.mp4,74
train/W8Q4KA9m-k8.mp4,74
train/2pOWJvYKJnM.mp4,74
train/uEJJOsaaMt8.mp4,74
train/yQHYiAd87QA.mp4,74
train/Ax75yAW9zFo.mp4,74
train/Na3Wa6-gaTo.mp4,74
train/4LwQe_pRIyQ.mp4,75
train/7VPcqPcIfZs.mp4,75
train/7Cu4hUH8d9o.mp4,75
train/KGS9RbTbxX4.mp4,75
train/COaUwGRlo5M.mp4,75
train/Y6TFh9aIuPE.mp4,75
train/il3LeA6seFY.mp4,75
train/GfmaS-SFjZY.mp4,75
train/VOn9ygYGnpc.mp4,75
train/eLdMjzandao.mp4,75
train/vOWJ1mQAvS4.mp4,75
train/27Dx6ztJ8jw.mp4,75
train/uoWsLPjjA60.mp4,75
train/ynjAUDeS5f8.mp4,75
train/BzKThj6aByo.mp4,75
train/Ni4FMw_iYuE.mp4,75
train/3jVWMhu8exM.mp4,76
train/6CrdZfnCWUs.mp4,76
train/5RKzXZ-0xQ8.mp4,76
train/K6hwRAD9uk4.mp4,76
train/C0QHWye_hBk.mp4,76
train/_PA1Piv49t0.mp4,76
train/xq8Bpy2VnwI.mp4,76
train/IfrfsexR6wA.mp4,76
train/FRfcfsJLeRs.mp4,76
train/V1ziwL0LlzM.mp4,76
train/doqfZ245dvw.mp4,76
train/V5oLwY1BvWw.mp4,76
train/1nKmioRadio.mp4,76
train/U7aua5XGsZk.mp4,76
train/ya1vB3vBOzI.mp4,76
train/biW3S4dqvtA.mp4,76
train/4NsVZddr4qo.mp4,77
train/74_gnR2C_mI.mp4,77
train/6oJYRXzt3qs.mp4,77
train/JaxWO7thhOg.mp4,77
train/BUwADLJpKNM.mp4,77
train/_NF_PSX9aVE.mp4,77
train/xjFZtLI4ISw.mp4,77
train/hcqUR5g1K_I.mp4,77
train/EMK6b7VtOR8.mp4,77
train/UNxfzJ0Zjmk.mp4,77
train/Cz1lMapRcYI.mp4,77
train/UohAQo2_EnA.mp4,77
train/2jNw4_4rbW4.mp4,77
train/TUD9KRjTgqg.mp4,77
train/Y4cqg7jdpws.mp4,77
train/BdZteUacbL0.mp4,77
train/5gus3Pyk7RM.mp4,78
train/7wTWucCrk00.mp4,78
train/7Is8g-_Nc6A.mp4,78
train/KG0aSXVoC0U.mp4,78
train/CgC2DSAMHwc.mp4,78
train/_NM71Bda73Y.mp4,78
train/XwUcH51dXYc.mp4,78
train/ijQtdkzKPz8.mp4,78
train/FUT24CM6HAc.mp4,78
train/ufeaCelTadM.mp4,78
train/ECK1Ym5V8Xw.mp4,78
train/Ufy4fbxM4ZU.mp4,78
train/3jCo3J7KlVw.mp4,78
train/tGtqiGWJQRY.mp4,78
train/yGlnfQFNyWI.mp4,78
train/c-6-AujNR-k.mp4,78
train/4oIF6BsB9CM.mp4,79
train/8edVStWYJIg.mp4,79
train/7S9upaulTOs.mp4,79
train/lT6ygVuASTw.mp4,79
train/cu_myFT2Ffo.mp4,79
train/_8nqKcFV-6A.mp4,79
train/Xd8YwJtoAhQ.mp4,79
train/jcZZGoEUipg.mp4,79
train/GX2zN0ByQi0.mp4,79
train/V2IsCUagnAo.mp4,79
train/fEMecq0Xoaw.mp4,79
train/v2tkXbmnEXM.mp4,79
train/2_srxC9uOI8.mp4,79
train/ub_LPtcIayI.mp4,79
train/xTIltH_qxTw.mp4,79
train/caGCLLs-6lc.mp4,79
train/44R3KPkc83o.mp4,80
train/6tqnWHphai4.mp4,80
train/5Y8pU8vko3M.mp4,80
train/jJm9JXNrDIA.mp4,80
train/aZwwBjyDwqM.mp4,80
train/_HIJu_hNweY.mp4,80
train/WXu2orFmMQ4.mp4,80
train/Gn9a-ZnRWVc.mp4,80
train/EkF0iFhNrNY.mp4,80
train/uCQk6Sl9jA0.mp4,80
train/coR0ygZw1a8.mp4,80
train/udtlMi8C54U.mp4,80
train/2-i8_l8-Itw.mp4,80
train/tdCdUf7qOUY.mp4,80
train/xgQp75Ve0yg.mp4,80
train/ANzwimB3U5k.mp4,80
train/3KVRk6tdBiU.mp4,81
train/77_qCPVh0Pw.mp4,81
train/6JGto8G8smc.mp4,81
train/JaTDFxEZ3js.mp4,81
train/bqH7YUbk9fw.mp4,81
train/_eYUJpqF49U.mp4,81
train/xF5KjDP0RtA.mp4,81
train/grR14cLzKbw.mp4,81
train/EKhudfBKDAE.mp4,81
train/uCyo1hTI0VA.mp4,81
train/Dg3E9zGDzoA.mp4,81
train/ueC2Ho_4qZ0.mp4,81
train/230IBuPYPdc.mp4,81
train/TaEipXfRZ_M.mp4,81
train/XWYtj64bJ34.mp4,81
train/beeAg_vc6hk.mp4,81
train/3qfQHgo_39k.mp4,82
train/6jXZn21-H8Q.mp4,82
train/69zzCNqJl_I.mp4,82
train/JxQ8VQlb5DA.mp4,82
train/bt4gyQGxKRs.mp4,82
train/_BTAUb7a-8g.mp4,82
train/XgWZmZE9wtA.mp4,82
train/ibNDlXo-mc4.mp4,82
train/fscSNUhXsqc.mp4,82
train/uI8-Y77_l1Q.mp4,82
train/DWCh64FRWEU.mp4,82
train/uKQ4tw-J0Lo.mp4,82
train/1hxCjKta2Cs.mp4,82
train/SyHxsK-WqXo.mp4,82
train/y0Z2-tGisGI.mp4,82
train/BDL-BkIAs3s.mp4,82
train/52Ym--buc_8.mp4,83
train/8n98b6OTTc4.mp4,83
train/7TnPtrJVuYs.mp4,83
train/kCt1bmSASCI.mp4,83
train/CDTIi4xclHs.mp4,83
train/ZoAZ_VACSiY.mp4,83
train/X0zdVfw2ARQ.mp4,83
train/ICJ1ssk4IPI.mp4,83
train/FSTayqp30HE.mp4,83
train/UNzyPnVMHDQ.mp4,83
train/e3rjl15Xylw.mp4,83
train/UP2BjEqVG04.mp4,83
train/2VoafVwWsWw.mp4,83
train/TiTcDqdXiZk.mp4,83
train/xHaiBoTqQy8.mp4,83
train/BvpfCWMoBhc.mp4,83
train/3SOjubo8nGs.mp4,84
train/6qKGXoUWbFM.mp4,84
train/6EoEc5EEXzQ.mp4,84
train/jvDv8JsdLEA.mp4,84
train/bZIAfqqaggw.mp4,84
train/zRY3ovWPrjc.mp4,84
train/wXfInDvGF04.mp4,84
train/HV6qjst1lWM.mp4,84
train/FjGnpWFrSy8.mp4,84
train/uEzXF1zmkUA.mp4,84
train/DjPdl233RCE.mp4,84
train/UFHab2wIzX4.mp4,84
train/2cLF588-uE8.mp4,84
train/ThxWvhBljhA.mp4,84
train/Xgzs1wigyfM.mp4,84
train/bHcqjq9pcfM.mp4,84
train/3IYtpocd69U.mp4,85
train/5zqB7Cw5d78.mp4,85
train/5BmtG8okY9g.mp4,85
train/IuHYWsjdN_k.mp4,85
train/b2rOfTC5Iko.mp4,85
train/ZFsYv6RsIf4.mp4,85
train/w1z5247EmD4.mp4,85
train/GUKf-NyuCOU.mp4,85
train/ENCS9m2TNUc.mp4,85
train/tg6HOGy0BBQ.mp4,85
train/CxSl_lAGqLs.mp4,85
train/tHDiTCces7Y.mp4,85
train/1UxHZA4EHC8.mp4,85
train/ShC3tP23Lv4.mp4,85
train/WMtc3mwdJCU.mp4,85
train/ANR1oriDCg8.mp4,85
train/3FL4nW3KL7w.mp4,86
train/6o7d-EvfEF8.mp4,86
train/63ZVs9W_8qw.mp4,86
train/kMdw5SVxIPE.mp4,86
train/BZN4-zSiqFM.mp4,86
train/zh5zcqqHyT8.mp4,86
train/WpjdINY6hsU.mp4,86
train/iMF-RUuJftI.mp4,86
train/G5GmbW4_Ix4.mp4,86
train/U6PkaDT3xT8.mp4,86
train/E4FWG7cXWno.mp4,86
train/U9vy7nswtqQ.mp4,86
train/1OiHd2F15JM.mp4,86
train/thUd5j9b8iY.mp4,86
train/Xft4A-t3MJU.mp4,86
train/bmY5Ip8hLiU.mp4,86
train/5bXwXMw467A.mp4,87
train/85ZcPy4bKh8.mp4,87
train/7sMbA-jQr4A.mp4,87
train/IvRnVSiqt-c.mp4,87
train/bTaDI5LpNfE.mp4,87
train/ZS3nWh4u_A8.mp4,87
train/XxYKxWrj6Pw.mp4,87
train/HuzKwduB9Jo.mp4,87
train/f8WTUKW-6pY.mp4,87
train/wvBosK5OF_8.mp4,87
train/DV_Bnwnbr9Y.mp4,87
train/wvb_XWpU8S0.mp4,87
train/3W0B8GMbOVc.mp4,87
train/wc_BnUo4alI.mp4,87
train/YKlV4Ogqgq4.mp4,87
train/brIJlkp82S4.mp4,87
train/3AVjnbvVfEM.mp4,88
train/69LW3GJB2G8.mp4,88
train/5PVAxCqXD6g.mp4,88
train/IleOu2dhgZU.mp4,88
train/Bi42j3K8EGU.mp4,88
train/YWM69e9zBNI.mp4,88
train/w2gWlOMPy68.mp4,88
train/gXxOqT-v3_c.mp4,88
train/eusz8R5OGD0.mp4,88
train/tCNiyGD8vZI.mp4,88
train/DEKgRwJSHiY.mp4,88
train/tDUGudCTJb8.mp4,88
train/1meD3ogeBbc.mp4,88
train/sKNDPSibqFE.mp4,88
train/woT3QPkQ9tY.mp4,88
train/aSPswkzTV80.mp4,88
train/3D7RXJusefU.mp4,89
train/6JT4Ir_hSCM.mp4,89
train/6333LOFuvr4.mp4,89
train/JBCGcjHzgf0.mp4,89
train/BZ9x2o3ZGH0.mp4,89
train/z2kBJ7_Mb6U.mp4,89
train/wdyLWBjbaJ0.mp4,89
train/HeGdDa7N6yo.mp4,89
train/F61DeQY1SLA.mp4,89
train/tNwJ6F8kS7o.mp4,89
train/dn1Vz8nmAn0.mp4,89
train/TNxl084nnaw.mp4,89
train/2-WQXj1sxZw.mp4,89
train/s_wb1QrN4_M.mp4,89
train/wQ9Fcq3QyD4.mp4,89
train/Bh0TNG4MO-8.mp4,89
train/3P6H8bvt9SE.mp4,90
train/7aU8t6mhvm0.mp4,90
train/6kVf0R37UAA.mp4,90
train/jKortXcVeFI.mp4,90
train/C6wXO3_J_H0.mp4,90
train/zBb9hTyLjfM.mp4,90
train/wNNFUmBpm90.mp4,90
train/HgGAzBDE454.mp4,90
train/FByTPV-Vbho.mp4,90
train/u7RPX1SuKW8.mp4,90
train/dr89KBiQ2t8.mp4,90
train/UadR49x6Eq4.mp4,90
train/1xd5IjpNMK0.mp4,90
train/SojQ9EAxUFs.mp4,90
train/X4PPBfQObdQ.mp4,90
train/bsOLwhr5ZZA.mp4,90
train/5qVXQM0tBPc.mp4,91
train/9epuI7lcIyc.mp4,91
train/9-gVeGxBvl8.mp4,91
train/KYVOp7XKpJk.mp4,91
train/D9Ws2etsDbk.mp4,91
train/ziAyv2ZXW-I.mp4,91
train/wTpte2cMlAI.mp4,91
train/ir_7Id4Buic.mp4,91
train/G8yacuUGQ20.mp4,91
train/uKz-bYLsReA.mp4,91
train/eYP9hkcXExM.mp4,91
train/ulZVUZ7MUYA.mp4,91
train/3imKyxEdXuo.mp4,91
train/TMUhHQshc2s.mp4,91
train/XeUjGjIwEDs.mp4,91
train/CpbtuVVljDo.mp4,91
train/3VO5K6frvb0.mp4,92
train/6phrTsIyS3Q.mp4,92
train/5Si2vKThD_A.mp4,92
train/ISCcqDHh_dA.mp4,92
train/a_lV4N3sIvk.mp4,92
train/z10WlhPNXWg.mp4,92
train/vOWkYZbOrx4.mp4,92
train/GWj2o0SkxYU.mp4,92
train/ekdzcHoshSs.mp4,92
train/T7uAaFLG6gw.mp4,92
train/d-fNiBnmY84.mp4,92
train/T7vp8YkJ3NA.mp4,92
train/2byLcHBl61M.mp4,92
train/SffH2LtnVsc.mp4,92
train/WFPYW3ZXKn4.mp4,92
train/aRtEQOnwoxw.mp4,92
train/3NXQzHcswDc.mp4,93
train/65ZruvW3r4s.mp4,93
train/5qnrycW21Vk.mp4,93
train/jxryvakC4po.mp4,93
train/bVW-t-adiPo.mp4,93
train/YX6BbUwodqc.mp4,93
train/v_lMQuiF7nQ.mp4,93
train/HNLboKtUgLc.mp4,93
train/fhXWmMoEPfc.mp4,93
train/T3BI9_j_pEg.mp4,93
train/E2A8FszWvII.mp4,93
train/T9xR6-amWis.mp4,93
train/2fyKAJeeZ6k.mp4,93
train/sGroRDhGsNk.mp4,93
train/Wk1Vi2iOmWI.mp4,93
train/BkPoDnLgdco.mp4,93
train/50v7028jybE.mp4,94
train/7U_0thgSjKI.mp4,94
train/7eUe5LvhbBA.mp4,94
train/j1XvKwK4LmM.mp4,94
train/Bhpq7DCqiCE.mp4,94
train/z3tDj6iaXv0.mp4,94
train/W4as8Oyc-u0.mp4,94
train/gGYnHDwh9ic.mp4,94
train/ePTIFMySxqE.mp4,94
train/tD0YO3j5mAc.mp4,94
train/D7RC_DTte5U.mp4,94
train/TdFS378jDpY.mp4,94
train/31VwNtHjSdI.mp4,94
train/sCsml8wRBxw.mp4,94
train/wPxtod9ARg8.mp4,94
train/A_nke5FyHZ8.mp4,94
train/49wtc57t1sA.mp4,95
train/6MZOKEEUxUc.mp4,95
train/6ct2YrX0yCc.mp4,95
train/jBzxfsrpzT0.mp4,95
train/bXhKrO6h3B4.mp4,95
train/YtzwBfCOixs.mp4,95
train/UUp1K0aOZdc.mp4,95
train/hptvYhxM1-Y.mp4,95
train/f6KPgML7iWg.mp4,95
train/SpfpxqPr-a0.mp4,95
train/dpDmjMSa6Uk.mp4,95
train/sPWqimEgXO8.mp4,95
train/1Wkhsrfsk1w.mp4,95
train/rVowwmtJuUI.mp4,95
train/VxQRLxwBVBU.mp4,95
train/bkmIQzNbDLM.mp4,95
train/3GBI399uq9w.mp4,96
train/6nbJEEEK7cE.mp4,96
train/6bXTRG4R7qs.mp4,96
train/iU7aFAFKNdQ.mp4,96
train/Bnu6CBgNWdw.mp4,96
train/yj61WM5bSis.mp4,96
train/vpibCH9bD6Q.mp4,96
train/gzII2kBRD4A.mp4,96
train/EsjtjYNy2k8.mp4,96
train/SUaWzR1L2dw.mp4,96
train/DblCu6Al_3A.mp4,96
train/SU_Zo4fU36k.mp4,96
train/1o4l7Mns3zs.mp4,96
train/rV1ezj_TA84.mp4,96
train/W7AA9iZPOJo.mp4,96
train/bCe0Mfztjr0.mp4,96
train/38ruMcwIEyQ.mp4,97
train/7GrZICWr0aw.mp4,97
train/6Q00f85GXFA.mp4,97
train/JnKE1qBtvFI.mp4,97
train/bQL95v8QJfo.mp4,97
train/YDxUcemnoxc.mp4,97
train/vqP7X2vp4Lc.mp4,97
train/Hh9gMw20Ah0.mp4,97
train/Fgdg9nPIqTk.mp4,97
train/ThSLCxW2GpM.mp4,97
train/DizDCtk90kk.mp4,97
train/TithtVVWk9U.mp4,97
train/1AuqtFXflQ4.mp4,97
train/sgJhxE407GM.mp4,97
train/w21s8ROYDqU.mp4,97
train/bDsVfOJ28_w.mp4,97
train/31Fp4htSC_o.mp4,98
train/5IxB5MjOmlE.mp4,98
train/4uAl4TK5Iww.mp4,98
train/JccRY0t-DzQ.mp4,98
train/azGFypx4wHE.mp4,98
train/yW40zPGxdkw.mp4,98
train/WOfKHY1yty0.mp4,98
train/gkCrM-ZpVFo.mp4,98
train/dRADtLR0mkc.mp4,98
train/TukfMt6EuLA.mp4,98
train/ccLYkniNk9I.mp4,98
train/Tv54wI_A8DE.mp4,98
train/1RTeI7qLCNA.mp4,98
train/Sq1MAuARpY8.mp4,98
train/X-f8BJ9dxjA.mp4,98
train/An16XdWHFW0.mp4,98
train/2Rokp3utELU.mp4,99
train/56ZUQsIfeBY.mp4,99
train/4sp_ajYpUfA.mp4,99
train/io12Fz61OxI.mp4,99
train/AfiVmAjfTNs.mp4,99
train/Yhpd6XoYH8Q.mp4,99
train/VnlFkpwfO4w.mp4,99
train/GCGsJErmYFQ.mp4,99
train/dN2-NlqycFo.mp4,99
train/SotvQsqEl5s.mp4,99
train/Byi4e6UxFIU.mp4,99
train/spaCTKjFdwo.mp4,99
train/1rpScAaF6jo.mp4,99
train/RoB6gLKEW7Q.mp4,99
train/W8meyBLPqks.mp4,99
train/9LqF-Ifl5b4.mp4,99
train/2Z4r5J8ILWI.mp4,100
train/5vE0t7FqUSs.mp4,100
train/5k3IUavPA9A.mp4,100
train/IqObYyUEreM.mp4,100
train/b3LHPah5dt8.mp4,100
train/XnHdoDWsocQ.mp4,100
train/VcskV9AOySE.mp4,100
train/GDDXpPWgbVs.mp4,100
train/E4_bVZaZ8ro.mp4,100
train/sUO1feyUjSk.mp4,100
train/cxgJ7dgOeWk.mp4,100
train/sUZgoMDRXkk.mp4,100
train/1LPmnkU9KB4.mp4,100
train/rKUCHuUHrPA.mp4,100
train/vTGXXLaDAQY.mp4,100
train/aRi4jV_B7XI.mp4,100
train/2Sip1UgOh1Y.mp4,101
train/6AyyQrxQNWs.mp4,101
train/5LABFsXbiUE.mp4,101
train/jg3iuGg3sK4.mp4,101
train/B8YSVKMq20M.mp4,101
train/YqGpH24RZqo.mp4,101
train/vswonsuMfiw.mp4,101
train/H8mp-PSF_io.mp4,101
train/EW_w25ww4ms.mp4,101
train/SX7xEsx7KPA.mp4,101
train/dCUrQUY7j_Y.mp4,101
train/sX_B7NPyDFo.mp4,101
train/1HFvq6KKj0g.mp4,101
train/S3kTxiaX3Bc.mp4,101
train/WC3By4azcLI.mp4,101
train/AmWxfGmlzn0.mp4,101
train/38BvRSgYVeI.mp4,102
train/64O2yCnCWA8.mp4,102
train/5JhCMidOq0U.mp4,102
train/izby3H8ETFA.mp4,102
train/BwejBGGX9BM.mp4,102
train/YLYm0o25rlk.mp4,102
train/W6H9iZgobyI.mp4,102
train/hDQEkQCRi-s.mp4,102
train/eyn2lvFPcN4.mp4,102
train/tFLzfwMI4LA.mp4,102
train/DLmBL8vWxoM.mp4,102
train/tfTaMAq5iaA.mp4,102
train/1eZfIr9oNZo.mp4,102
train/sffLZvZKfig.mp4,102
train/wiLnKYdJ-Q4.mp4,102
train/BAg9WPbp_74.mp4,102
train/3Jv1UZEyHB0.mp4,103
train/5tVqWjXaS8A.mp4,103
train/5K9mWowB4tI.mp4,103
train/IcXiyVQagg0.mp4,103
train/amFXdGFqESw.mp4,103
train/xrpSZU2pd04.mp4,103
train/uXw0X71sBZQ.mp4,103
train/gj9cjAUWyto.mp4,103
train/ekapudvE6ng.mp4,103
train/saE2yLjWH8s.mp4,103
train/CN2zNXh6UIQ.mp4,103
train/SD5Nle9_Cps.mp4,103
train/1xCcogP9tHM.mp4,103
train/r9CwO-1yttE.mp4,103
train/Vao_EwuXO-Q.mp4,103
train/aA_V-prpMgc.mp4,103
train/4aQQRMRxzWs.mp4,104
train/6UxeEF9EQVY.mp4,104
train/6j8pn3HxMv0.mp4,104
train/iPgjwvDRUL0.mp4,104
train/BcHthxXyRso.mp4,104
train/XwAYFyq24ws.mp4,104
train/vSsPRFMeaiY.mp4,104
train/Fzmqc3O1pz8.mp4,104
train/Dzfifva05_Q.mp4,104
train/tGt1DNegYMM.mp4,104
train/Cx5oK7sWtwc.mp4,104
train/TGx_ysacFiE.mp4,104
train/2RaIX2pBucs.mp4,104
train/s5LNYhAu5KY.mp4,104
train/w2zJCMXPPhE.mp4,104
train/auuzOxDH44Y.mp4,104
train/4cjPOFSvC4Q.mp4,105
train/6vcX4w6g5d8.mp4,105
train/6BD1rKaVEQA.mp4,105
train/iBcKVIOBE4A.mp4,105
train/bcN2FVEH1bY.mp4,105
train/xOfsetST2PI.mp4,105
train/v8MykUT6aag.mp4,105
train/GeTa7pdN7OM.mp4,105
train/ENrq8-XyMmI.mp4,105
train/SU79MyrzkIA.mp4,105
train/cPT5_lJqIHg.mp4,105
train/SugSdQOBBN8.mp4,105
train/2nRha0Fk_SI.mp4,105
train/RIW50TxzEKc.mp4,105
train/VmTEt63ibdo.mp4,105
train/ASchqfh2D1U.mp4,105
train/4VF5kYa2Glk.mp4,106
train/7N_qiHEgLp4.mp4,106
train/7hjMUmovloY.mp4,106
train/j3gX2rhJ6Dw.mp4,106
train/bhOrUIJF9rg.mp4,106
train/XpCBfGwXzjg.mp4,106
train/Vnj_oy9YuS4.mp4,106
train/Gu0W2YWXq68.mp4,106
train/ebbdQQxUjNU.mp4,106
train/svH--ZzLKmk.mp4,106
train/d-GUI8STteU.mp4,106
train/SVJ0njlEisI.mp4,106
train/312GgBzZECI.mp4,106
train/rCpmtD6klF4.mp4,106
train/VyNAmELaN64.mp4,106
train/b54FAfHqRag.mp4,106
train/3aK4Z22eZwY.mp4,107
train/6RTxbHMst6w.mp4,107
train/6D5VvFSFSnA.mp4,107
train/hRa4usnKbVQ.mp4,107
train/Ax8mml3TEWI.mp4,107
train/xMX-NCe9aRE.mp4,107
train/UIG6DjI5ozQ.mp4,107
train/F_twyKOCGWQ.mp4,107
train/Ec6QMCPGRJA.mp4,107
train/rz2ha7MLsE4.mp4,107
train/CuVvqHsGUfQ.mp4,107
train/RziWtvnFqUE.mp4,107
train/1hLG2Nf0BrU.mp4,107
train/RcXrozfIaeo.mp4,107
train/UW43QCRbW_8.mp4,107
train/ALBTx67MlTw.mp4,107
train/37_yo82gxJs.mp4,108
train/5Vs8L-DduAE.mp4,108
train/5Ac-n62zWLU.mp4,108
train/IYjbm-MbD04.mp4,108
train/bElV0KXWkII.mp4,108
train/XkMZmFnILow.mp4,108
train/VCHak_DzrB8.mp4,108
train/gId-LHwLWvo.mp4,108
train/EexKJ0_hBUY.mp4,108
train/sVdfXDj_d3s.mp4,108
train/cyJnzOFmTAs.mp4,108
train/SVGYFGsHtEM.mp4,108
train/1Y0h_ke707c.mp4,108
train/rO3kC2oZD04.mp4,108
train/VqiW7h9DtMo.mp4,108
train/Ay_Ok_vE_4Y.mp4,108
train/3-f4mzqCW_g.mp4,109
train/5b255-6p2yU.mp4,109
train/5-AX4JSNxk4.mp4,109
train/ie0Ol0Cp5ac.mp4,109
train/alBY1lQBI48.mp4,109
train/XkAVIYt4xuE.mp4,109
train/UKmSvBe4vAs.mp4,109
train/giq9VvmSdgY.mp4,109
train/e4rZNbqOz6w.mp4,109
train/Ssgs31vbfHU.mp4,109
train/CdphIAQiReQ.mp4,109
train/SuBG04G1N5M.mp4,109
train/1NDXy-QeQR4.mp4,109
train/rrRRazhXQ5M.mp4,109
train/V-r9pXBpNWY.mp4,109
train/a1ERuwj8Ox0.mp4,109
train/3J0GkWd1i2g.mp4,110
train/5MWGD9PaNtA.mp4,110
train/4YUe_pxO5JM.mp4,110
train/GyJr0ri36ew.mp4,110
train/AgJ0hYJqTSE.mp4,110
train/XccEBmpWwMg.mp4,110
train/ZQEFQIyqFPI.mp4,110
train/UTwEj5CoT_M.mp4,110
train/F0fbp3guOms.mp4,110
train/d4rnjuNBj00.mp4,110
train/sbkM-7-nKzE.mp4,110
train/BqkCimEY_-M.mp4,110
train/SD3p-e2Cc-Y.mp4,110
train/1KT-K5hrhcA.mp4,110
train/r7UA9mtfH2w.mp4,110
train/Vd-U6I7S4Z0.mp4,110
train/3C8rt9IkC18.mp4,111
train/6dPOgDPbPeg.mp4,111
train/5xuDKqZaeuk.mp4,111
train/IanKV3cBXnY.mp4,111
train/Bh2dm_FYKpE.mp4,111
train/X3E94GMeyxo.mp4,111
train/ZXjtxzWfLeY.mp4,111
train/uiFJjr0E6Lk.mp4,111
train/GnIgOUPiMqE.mp4,111
train/EpOxIPicC7U.mp4,111
train/s2jVTrdqf6c.mp4,111
train/D4JDmzMvEy8.mp4,111
train/s4Dyo4gJhYE.mp4,111
train/1NQRek9qk80.mp4,111
train/QLhW0bj1fwQ.mp4,111
train/uRC4WAZX7VA.mp4,111
train/56uoj7oa4V4.mp4,112
train/7OSKFWMYJV4.mp4,112
train/7CmM_Z3Zt5U.mp4,112
train/JmVPNhCUG2o.mp4,112
train/BV5lSQBi-nQ.mp4,112
train/xL-Urld0DDA.mp4,112
train/_e3c8brEnIk.mp4,112
train/Up9UeQmwtD0.mp4,112
train/HEmC-9sfNwk.mp4,112
train/EY8R79WeMkQ.mp4,112
train/SbmTJke7XO0.mp4,112
train/DINpDjdteMM.mp4,112
train/sC9SHv4dMZ8.mp4,112
train/2iVP86dVQzo.mp4,112
train/RjF9sADe3vE.mp4,112
train/v9MTXaODZv4.mp4,112
train/3J-2aMY2huI.mp4,113
train/6vcRgUN3QSY.mp4,113
train/62job1jvsmA.mp4,113
train/Iq1-g0_BFF8.mp4,113
train/BrEBLqmJL20.mp4,113
train/WPXjXo9zPcM.mp4,113
train/zoX6KMuIvOQ.mp4,113
train/UDr0lphSdcI.mp4,113
train/GMIIOzvJHWI.mp4,113
train/EEiMM1gDyog.mp4,113
train/rR71SnX3K4c.mp4,113
train/CTTQOz8RgAk.mp4,113
train/RRHIRbDfwJ0.mp4,113
train/1UCo7PnThjI.mp4,113
train/QU-__gX651s.mp4,113
train/USm8yrXU5Lw.mp4,113
train/42VwQ9gDUuk.mp4,114
train/7uDom3647jQ.mp4,114
train/7K2h8EGwTtg.mp4,114
train/IKxjJgmbIPU.mp4,114
train/bVxHw2g7z2c.mp4,114
train/x9A7S9U2Hoo.mp4,114
train/zzTuHa8m6Ow.mp4,114
train/v-Xg2eYttIU.mp4,114
train/gUumpfW1p8I.mp4,114
train/EXG0mD5lduk.mp4,114
train/sp-idfRRmQs.mp4,114
train/DjPJ-aCnYjY.mp4,114
train/sPNR3Glo2U0.mp4,114
train/1UwYAp7RiqM.mp4,114
train/roBV8exw7rw.mp4,114
train/Vg-zYNOoA-4.mp4,114
train/4itLtc2Zpew.mp4,115
train/71VJYdAWDGg.mp4,115
train/6dj_fvAZKnM.mp4,115
train/ITMn93jk2cM.mp4,115
train/_ZPXmfuam6g.mp4,115
train/BHYIpI-m-D0.mp4,115
train/wbqD_clYXzM.mp4,115
train/Z6_43Wd2NLk.mp4,115
train/U9VGE4WI0TQ.mp4,115
train/gHrkTxrLHYA.mp4,115
train/e19kamXaMEA.mp4,115
train/rt9_O1at-Bg.mp4,115
train/ctZEgHYgVx8.mp4,115
train/RtK94Ms9Pdk.mp4,115
train/2aRmb1qPPcI.mp4,115
train/QWJ25f-1_bk.mp4,115
train/4lql2MpStFI.mp4,116
train/7aCJmS_qC0s.mp4,116
train/6rlApa2JiQw.mp4,116
train/I8lAPIOL5Jc.mp4,116
train/_rJTCzesw84.mp4,116
train/Boci5XtmLFA.mp4,116
train/whZ92Bme-VQ.mp4,116
train/zetArEUcE6k.mp4,116
train/U8fnPonV8_E.mp4,116
train/G8zyxQikyPA.mp4,116
train/EFVkN6zUta0.mp4,116
train/rBwi5dtPevY.mp4,116
train/csund_KY2Bs.mp4,116
train/rDtZXAOiCV8.mp4,116
train/2diTm8p7mTQ.mp4,116
train/QoHOc1C4H0o.mp4,116
train/2V7guKRBZ0Q.mp4,117
train/5a1eTEBvnVM.mp4,117
train/4R0I0J-3sJQ.mp4,117
train/H0veJ5ehUoE.mp4,117
train/zv7LP6Z880Y.mp4,117
train/A0QiBpegw5w.mp4,117
train/VuLIZt2BZes.mp4,117
train/Y_z4GKGO7Is.mp4,117
train/tbeWQ9gN1wg.mp4,117
train/ewIq81329Yc.mp4,117
train/cpx_F0nshmQ.mp4,117
train/qtwCg_Sh5cg.mp4,117
train/bgnTKvPXUDA.mp4,117
train/quqqUgP5g6I.mp4,117
train/1SbNAsP_hqU.mp4,117
train/QcMfEG3AQz0.mp4,117
train/_pUkEBT8ieQ.mp4,118
train/3MIcMpRsjzc.mp4,118
train/5nXxKf2Mu1c.mp4,118
train/5CzGaEEGVyw.mp4,118
train/HNlftITXuA4.mp4,118
train/ZMf2Nve7XXE.mp4,118
train/AY-SVVTeNV0.mp4,118
train/VSSmMCkSkOo.mp4,118
train/YADkXSULgf4.mp4,118
train/tL2CcurSy38.mp4,118
train/FwFxbX6DpVA.mp4,118
train/E-y24-fJr78.mp4,118
train/rBhIxxkbRio.mp4,118
train/ck3HqesgMSY.mp4,118
train/rbXaDrE_hps.mp4,118
train/1TAgJLOzXUs.mp4,118
train/_dCdbS9q3SE.mp4,119
train/4oDF9MO2mGM.mp4,119
train/7F-d52Ft5ac.mp4,119
train/6wUucppNpEc.mp4,119
train/IjS8xVhL1XE.mp4,119
train/zQc5RxB9SZ4.mp4,119
train/BEfwwxGBU-w.mp4,119
train/Vv65pmbK7ak.mp4,119
train/YODq8RRTILM.mp4,119
train/TrnW95cjVAY.mp4,119
train/_Q9DzFpEUO0.mp4,119
train/gofKGPquu_g.mp4,119
train/ECFFOvhmxtw.mp4,119
train/rbgVfqyXDG8.mp4,119
train/cmWrWgV2ldM.mp4,119
train/rey0HFtoeUQ.mp4,119
train/_ABr4llKUE8.mp4,120
train/31ti8zHvKQU.mp4,120
train/5r24Wzu3pn0.mp4,120
train/5cbV0M-xhZI.mp4,120
train/hJDodXLVlX4.mp4,120
train/ZE6MdSGf12g.mp4,120
train/AaT-cFK0J3g.mp4,120
train/VYBgZSH4Xf0.mp4,120
train/YOfRwnxjh9w.mp4,120
train/TA_dTPY8X-Y.mp4,120
train/_of3Qe8YoWU.mp4,120
train/FnyAC4whS9Q.mp4,120
train/DhJuEnoblpk.mp4,120
train/R2rusyWsBYc.mp4,120
train/bySdVHtln5k.mp4,120
train/r5NPEfNR5Pg.mp4,120
train/ZxAXbLg2kk8.mp4,121
train/4eZ2Ew65To4.mp4,121
train/70JCLTv8cus.mp4,121
train/6Jm6rB2pTqo.mp4,121
train/hmpWL8Xw5q4.mp4,121
train/zknOFmpqeo4.mp4,121
train/b3T9aiM6ojs.mp4,121
train/vZ-ZQIIYbks.mp4,121
train/YterLYm8w0Q.mp4,121
train/tB14Ual3HOM.mp4,121
train/_9zgrMH5hzM.mp4,121
train/g3ydRTAInCs.mp4,121
train/ebkBv00Hqg8.mp4,121
train/qthHTujx_Gg.mp4,121
train/c_Sygf49Gxw.mp4,121
train/qTK92jqSSGc.mp4,121
train/_VcHQuEMKtw.mp4,122
train/Zyqf5HSwSfQ.mp4,122
train/401uburEXLw.mp4,122
train/6UHbwWqPUw0.mp4,122
train/6klBYkhG8Rs.mp4,122
train/I70Xic9_Fog.mp4,122
train/ZiNS0pPUaZ0.mp4,122
train/aTFc0DFsATo.mp4,122
train/VUVZbuPITYY.mp4,122
train/yLsZUImYCIo.mp4,122
train/TLdrkGc335I.mp4,122
train/_g62S76D-b4.mp4,122
train/fpQiF6k71TE.mp4,122
train/DOlF_AZ5jNc.mp4,122
train/R0mmg4jJ89M.mp4,122
train/cg7YgR3HCZs.mp4,122
train/_QGc8W6KbbE.mp4,123
train/_aiU_hhpv3Q.mp4,123
train/3UP6-0asnG8.mp4,123
train/61fTzMf5FN4.mp4,123
train/5W3iqx-j6V8.mp4,123
train/hyZkuH7G7XM.mp4,123
train/ZPh8S_3DYPw.mp4,123
train/BhJ5YGcKkmQ.mp4,123
train/V_n3Yu_O64I.mp4,123
train/YuSaWV3RJMU.mp4,123
train/SptnVOq-ulo.mp4,123
train/_ejrl8qK_zc.mp4,123
train/gh1t63JBBl8.mp4,123
train/EjGWc2tM4xY.mp4,123
train/qOiaHwGGjQY.mp4,123
train/cs83UAR5sXM.mp4,123
train/_khzLjkKoHE.mp4,124
train/ZUjFjJ2UK6s.mp4,124
train/2V9B5FygPVY.mp4,124
train/5UpW4qoUl2w.mp4,124
train/5Mpug2N6iTI.mp4,124
train/gpw6X4fKFSM.mp4,124
train/zfpPb5BFBKQ.mp4,124
train/Ar7PyAOgu3g.mp4,124
train/V-OM11Gx_kg.mp4,124
train/Yb35XzmlFGE.mp4,124
train/S3iDnKpQuoU.mp4,124
train/_0Z8H7FAtvI.mp4,124
train/fgTNJOlOnZ8.mp4,124
train/DcVbMjY4uLc.mp4,124
train/px1KZmZNml8.mp4,124
train/cAonLi4G7PU.mp4,124
train/_NMFMwlkafQ.mp4,125
train/zsi6R83SOVU.mp4,125
train/3cWTz6uYvNI.mp4,125
train/5Cjsb8lIHuA.mp4,125
train/4zW6DHJG_Rg.mp4,125
train/I-dUo6ZrJN4.mp4,125
train/ZdMHguPHH7U.mp4,125
train/Al4gFB83HGI.mp4,125
train/VtmJrLTlg-g.mp4,125
train/y94kUXO-bvA.mp4,125
train/teDsIgvG2Bg.mp4,125
train/zYnvJ2EjgJE.mp4,125
train/Gd6kL4TaLzU.mp4,125
train/dMNpYU4tPkU.mp4,125
train/QzxXWpMGgiY.mp4,125
train/C8OAeLhBNy8.mp4,125
train/_egOKuF_CfA.mp4,126
train/zRANzrij1B4.mp4,126
train/3rG6kxnHyy8.mp4,126
train/6sqAEh-frLo.mp4,126
train/6FI8RvHFeXU.mp4,126
train/HMn6flMtM6o.mp4,126
train/y_T9TOyl3bw.mp4,126
train/ApzG0OB4uRc.mp4,126
train/VjU22XpaBWY.mp4,126
train/y671PgTQDhE.mp4,126
train/t8Im9mHnxiM.mp4,126
train/ZuosrHOgvBI.mp4,126
train/fkjDezIZYko.mp4,126
train/dAU9zI_r_IY.mp4,126
train/QLmRR8Xzo_A.mp4,126
train/bXhZUw2wQAk.mp4,126
train/zYy-vmDlj3Y.mp4,127
train/ZHsNmnqunpw.mp4,127
train/34Id2jiZAoE.mp4,127
train/5WNe4bQ11OM.mp4,127
train/5GBatZItv5k.mp4,127
train/gYsWoqNsU6w.mp4,127
train/YyjGqpTw7BA.mp4,127
train/ATND484S0Fk.mp4,127
train/VE6du_bpRiY.mp4,127
train/x_x4v3_FQ4w.mp4,127
train/RzM-MHisOC0.mp4,127
train/zQIO3zBmnSY.mp4,127
train/f64NSxBzdfU.mp4,127
train/DI5e9lclGt4.mp4,127
train/pwMgUXYsReg.mp4,127
train/ce2wA_zcp2k.mp4,127
train/zvLNY2sxBlk.mp4,128
train/zhc_pj0ewPU.mp4,128
train/2mS__wN09Ec.mp4,128
train/53VbOSni8xk.mp4,128
train/4pTYhPhDASA.mp4,128
train/HidVk_u6HpE.mp4,128
train/YVqmgFJKYeg.mp4,128
train/A4mDtJv4TNk.mp4,128
train/vmnL5ZPe0BE.mp4,128
train/xNecv-wx1UU.mp4,128
train/SlvAdMbpIu8.mp4,128
train/zmgXNdn0iKA.mp4,128
train/Fi5lpajDnzQ.mp4,128
train/djD9xL9PtsU.mp4,128
train/qaNv3a_d288.mp4,128
train/bXmApvCAoAU.mp4,128
train/ZOf2EeyTVuI.mp4,129
train/z3lUGOoFqQk.mp4,129
train/3n8t5XqpiE4.mp4,129
train/5VV0rsivniI.mp4,129
train/5Cp0WU3CTg4.mp4,129
train/hUCwn2q2r00.mp4,129
train/YkcvmcmUHbg.mp4,129
train/ApcrByL-GY4.mp4,129
train/ugajYeVQdb4.mp4,129
train/X6uRpjqPBlI.mp4,129
train/sBtOdz0eMBQ.mp4,129
train/zG9a_IAeABQ.mp4,129
train/GD9Nm1ak2X0.mp4,129
train/dQcSDKW8xhg.mp4,129
train/PfeAcOkJ3aI.mp4,129
train/cFzrYdLDMdo.mp4,129
train/zV3bmkigNUQ.mp4,130
train/zfDmmQqVNmg.mp4,130
train/4qG9omWQfwI.mp4,130
train/7BXh-YsGa50.mp4,130
train/6k7KIREx0Tc.mp4,130
train/IRlurx-X6rA.mp4,130
train/YxxD_a9j5d0.mp4,130
train/BCzLNRuohwA.mp4,130
train/vaeUU1u_to0.mp4,130
train/XWg7SBPjjYQ.mp4,130
train/sPQATUQYv8M.mp4,130
train/zktmftmaa_c.mp4,130
train/GNJGdfALX9w.mp4,130
train/eF7m7LmEhL8.mp4,130
train/QL6ehzFwY8E.mp4,130
train/CVB5mLGy230.mp4,130
train/ZyPk38AptfA.mp4,131
train/ZIFipYHWnF0.mp4,131
train/2yBIpChSxWA.mp4,131
train/5s0-zYL2_L4.mp4,131
train/5g9VLiM5vGg.mp4,131
train/I9R2wvqZ4qQ.mp4,131
train/z1Httd4Zp7w.mp4,131
train/ap7AhXL5yZc.mp4,131
train/vOluq0nlHFw.mp4,131
train/Y4uGLbKW8Aw.mp4,131
train/TjYJtfqMnfo.mp4,131
train/zlLmPlGBz1M.mp4,131
train/Gcii_V44GEU.mp4,131
train/Drp2aQ6bMRA.mp4,131
train/QYTE177-lS0.mp4,131
train/cF0ipwWeFkA.mp4,131
train/ZqlqPnydpR4.mp4,132
train/z6E24vm25oU.mp4,132
train/3z2h6_yZK5k.mp4,132
train/60ueUzf4M0o.mp4,132
train/5uYV3VnwCuk.mp4,132
train/i5v_-pQM2dU.mp4,132
train/yJlFSAsm55A.mp4,132
train/BcJgG0XnO-E.mp4,132
train/v9w9mQx7MN4.mp4,132
train/xUBQhyb0Jlc.mp4,132
train/TGxPjTMo8SM.mp4,132
train/ZECX1iPehrw.mp4,132
train/GBuZilzPOIU.mp4,132
train/e1YUTe4ifMY.mp4,132
train/RCSCn8A_HDg.mp4,132
train/CiJnRq7J_-g.mp4,132
train/zQctM8GF3wI.mp4,133
train/Z4xd6z1NqfU.mp4,133
train/4DXXh6ztJl0.mp4,133
train/6j4_gfb6HD0.mp4,133
train/5zcm2aYFYHw.mp4,133
train/HjWhbx-Wpio.mp4,133
train/YQEGUAgTkkk.mp4,133
train/aR1wRU59niw.mp4,133
train/UX80YJeTq2w.mp4,133
train/xuJ-dK6T5_k.mp4,133
train/s5YcOLKee1Y.mp4,133
train/Zdm41elij6w.mp4,133
train/fzl0GQnDwLs.mp4,133
train/DWpPttQ5KJQ.mp4,133
train/pwMmc-9EQmk.mp4,133
train/cLb_iNhJoeg.mp4,133
train/ZFqnXIIMz4s.mp4,134
train/YqfpLbxP5AU.mp4,134
train/3PfBbjJ-tco.mp4,134
train/7akVZ7eoyPg.mp4,134
train/6PXH1Mkp7BM.mp4,134
train/Gw5H_J4no94.mp4,134
train/YaTTjnl-oCU.mp4,134
train/aVJ67sc9gtY.mp4,134
train/TXrhBRRuu70.mp4,134
train/x4nHccB85ig.mp4,134
train/Rn_0T97SEA8.mp4,134
train/yYhonx-3HN8.mp4,134
train/F4nd4D_kSJw.mp4,134
train/dCU68LidgHU.mp4,134
train/Pl3PFE5Apms.mp4,134
train/C7eQPfyB7SI.mp4,134
train/ZSNYYBxZC0o.mp4,135
train/Z5DIBhynxoU.mp4,135
train/2tKV6pK7pDM.mp4,135
train/5TWfU82zefA.mp4,135
train/4XvfH-J9efw.mp4,135
train/i-ecK0npPOg.mp4,135
train/Ys8fsCCfBb8.mp4,135
train/B0M6SjIUCzg.mp4,135
train/uX4GcmZs4lo.mp4,135
train/XpGyuyAcUFk.mp4,135
train/sjWtP1C-Lu8.mp4,135
train/ZfBItazrEMk.mp4,135
train/gEtp7KhO864.mp4,135
train/ehneKmBBpWI.mp4,135
train/qEK4CYvTi4g.mp4,135
train/COOtRdGbb4M.mp4,135
train/ZqlcrKJQYbY.mp4,136
train/Za6eKHGkJnk.mp4,136
train/2sSP6xdRn4A.mp4,136
train/5oQDG2celTE.mp4,136
train/4yVLIEUOEKQ.mp4,136
train/H4UovmxSGl8.mp4,136
train/YkkINJTdYww.mp4,136
train/aFNr0XxEgho.mp4,136
train/v-ZUSsll1DQ.mp4,136
train/XidXgQhsDeQ.mp4,136
train/skj69i5usgI.mp4,136
train/zdZyG-PdUqI.mp4,136
train/fvUJhMkqJFc.mp4,136
train/dRduSURo2fo.mp4,136
train/q9wvR-W3YNY.mp4,136
train/bZsCOLPnz8Q.mp4,136
train/Z4xkg3h5mz8.mp4,137
train/yLGypmzFeho.mp4,137
train/2PNO4MMO42Q.mp4,137
train/5rD8QETPEds.mp4,137
train/4vmJdfV_5k8.mp4,137
train/HfI4vN2vbHU.mp4,137
train/Y1en2svvjh4.mp4,137
train/ao8e1NIgvXU.mp4,137
train/UOBgoCuOigs.mp4,137
train/XAb9knvsMVs.mp4,137
train/rYangOZZMFY.mp4,137
train/ytqSr00CuNI.mp4,137
train/FYxNx8LTfLA.mp4,137
train/dwxJfFrANOg.mp4,137
train/pPrHPy3IcTM.mp4,137
train/CIR0Io5mDUQ.mp4,137
train/yUmzp_mv3lI.mp4,138
train/yLmPjuDGRpQ.mp4,138
train/2Xunm_ocLWY.mp4,138
train/5Wr-yGK43xQ.mp4,138
train/5FU414IJud0.mp4,138
train/hIJ_pJOvDAQ.mp4,138
train/y3iDAWaT7u8.mp4,138
train/auIyhbZ5Nj0.mp4,138
train/UmSDhdXUT9M.mp4,138
train/xbIMzDYzZg4.mp4,138
train/s8bdYVIab74.mp4,138
train/yOQDbkP698w.mp4,138
train/FqekQGlkdmQ.mp4,138
train/DsQlJIB_VUQ.mp4,138
train/pWyJC5Nq9Ok.mp4,138
train/C6An9QjIWss.mp4,138
train/z0Gi9FmMRKc.mp4,139
train/Yp7q03O3VFg.mp4,139
train/2FSbJ69sGn4.mp4,139
train/4SA-UICL568.mp4,139
train/48gelEM-ytg.mp4,139
train/I37IG0UMPBs.mp4,139
train/Y7c225V22Mo.mp4,139
train/aNH45moQsto.mp4,139
train/UeCkFNKKYJw.mp4,139
train/WtDMBXVZzgk.mp4,139
train/SaNW9V0VRec.mp4,139
train/yT14GiPJyRU.mp4,139
train/fx4LTktRWTg.mp4,139
train/dJkiDgClTVo.mp4,139
train/Q0fpdmpcZaQ.mp4,139
train/C1PVKRISbRU.mp4,139
train/yFbmd8Df5mM.mp4,140
train/y-hh4TqbPi8.mp4,140
train/3jsB6tZTjUk.mp4,140
train/69IG1kDBAQI.mp4,140
train/5TFTAsUEaH4.mp4,140
train/Hgpox8tbBFc.mp4,140
train/XoGV-AYJjvo.mp4,140
train/aqAmzHBP_zI.mp4,140
train/U3uqPCKpvjM.mp4,140
train/wIgcKjL8tAE.mp4,140
train/sFcIRhVEzTo.mp4,140
train/Y6f1eQJeLno.mp4,140
train/FOUAQTCTyJY.mp4,140
train/dHA0XvNDOyU.mp4,140
train/QkmYdHWeaWs.mp4,140
train/b_YGDh6bhP0.mp4,140
train/YY4KLUqoFUM.mp4,141
train/YdrzbgsD4ps.mp4,141
train/36-3Z19GzuM.mp4,141
train/5jg23Q8AFZo.mp4,141
train/51QzDA3MRb4.mp4,141
train/goCXol-pCyI.mp4,141
train/XUgRg_vZZXk.mp4,141
train/9XMty2jFVSY.mp4,141
train/u3XX_pC1uA0.mp4,141
train/wRw-qIT-pVo.mp4,141
train/RBJU-Hfuq2o.mp4,141
train/YlL29-nejz4.mp4,141
train/eI8FBSq7zug.mp4,141
train/cEb_ZDTwz1U.mp4,141
train/oTlAUhbuuB8.mp4,141
train/bf-L3HzqUaA.mp4,141
train/yIB-ipHWVVg.mp4,142
train/XWvjQ0YmP8g.mp4,142
train/3f6xjJjARyw.mp4,142
train/65jee4eeUuU.mp4,142
train/5oXZpt1zSfc.mp4,142
train/gKJ0IoXLF40.mp4,142
train/XkMsEieaotw.mp4,142
train/ajzE_p-65Bc.mp4,142
train/UihQZiktxLQ.mp4,142
train/WvSXYl82qJ4.mp4,142
train/saskorTxDE4.mp4,142
train/Y0Epasy3Vr8.mp4,142
train/f-KjBsEa678.mp4,142
train/d2xqZ1h9VRI.mp4,142
train/PO8xqKKJyv8.mp4,142
train/bvEE31WqWgU.mp4,142
train/YcGbE-v_Yu0.mp4,143
train/XQoqfwBlDVs.mp4,143
train/34JthvtkILI.mp4,143
train/60gOU9WJ75c.mp4,143
train/5dWXE2huAAE.mp4,143
train/h3IAJxDZsaA.mp4,143
train/XdkYiT26eqY.mp4,143
train/AG05-iT5ocM.mp4,143
train/TgV0H836eUU.mp4,143
train/V_KxbzyRJNU.mp4,143
train/rKQ1_Q5sWmk.mp4,143
train/XxUB_94wn4c.mp4,143
train/fCCxTQC7evM.mp4,143
train/DC3vuybFDRA.mp4,143
train/pEe7uPS7wX4.mp4,143
train/boSS0p8OGzc.mp4,143
train/YUNMEq0h9s8.mp4,144
train/YEsOBYUR75Y.mp4,144
train/3k3qiaXpB1o.mp4,144
train/6-UDdZiWAlE.mp4,144
train/5Lvf39H7F-c.mp4,144
train/HL92bUzRrF0.mp4,144
train/Xtd3KdmJNZo.mp4,144
train/aYHtkxwo3eQ.mp4,144
train/UN3Tu_RClRU.mp4,144
train/wWoITto3zM4.mp4,144
train/suq1aBMcCc8.mp4,144
train/YjJb7rjK8tk.mp4,144
train/G-jPQALU4-U.mp4,144
train/e1o9rY-6UMI.mp4,144
train/qMntCP8u7wc.mp4,144
train/D-FcOKeHmNk.mp4,144
train/yWwcplV8qPE.mp4,145
train/yj81zdP-fAY.mp4,145
train/2ZWlEdRpZJY.mp4,145
train/5C3tFhCuELo.mp4,145
train/4XV2KF1vC5k.mp4,145
train/I-FdL1SKT_w.mp4,145
train/XUyxs3JrJOA.mp4,145
train/AWjnVklBFo0.mp4,145
train/ULf-PTu8mUw.mp4,145
train/WZpTYIsP3lU.mp4,145
train/sHbUQkBsxII.mp4,145
train/YoX8iEvX9sw.mp4,145
train/FWfs244zR0w.mp4,145
train/drTQm73awAE.mp4,145
train/qdeWmlqWF18.mp4,145
train/ChMVhKAkJZw.mp4,145
train/YTxVvCpsJKQ.mp4,146
train/yfLwIdnsS98.mp4,146
train/3yzwn166Zco.mp4,146
train/6xt3ZXNc0Ow.mp4,146
train/6sDeyXn2yPA.mp4,146
train/hjEPU4Jm7Xg.mp4,146
train/xy92v1JCbOk.mp4,146
train/a_ZUClvFc94.mp4,146
train/U3oLDBeCQ2A.mp4,146
train/x1PIGRWB9-Q.mp4,146
train/rOHPjt0bm0o.mp4,146
train/YJa9E4ctqZs.mp4,146
train/Gaiq_pWkVUw.mp4,146
train/Dxy99Nmo778.mp4,146
train/PEA-bItbb-8.mp4,146
train/CFuHHeWG-1E.mp4,146
train/yQgwX1a4tdI.mp4,147
train/Y9-ngengmUk.mp4,147
train/4aIDFp4Xapc.mp4,147
train/794OG32GvAg.mp4,147
train/6n5Y2I0qn-o.mp4,147
train/hbQ7pqOol1U.mp4,147
train/xqwKCxft7dU.mp4,147
train/B8Z1Skfj984.mp4,147
train/UmvcnOKz8w0.mp4,147
train/wVq-dor2Y54.mp4,147
train/SajIE3C3LRk.mp4,147
train/YCSYmQa1nkQ.mp4,147
train/FqMHJ7b8NhY.mp4,147
train/duuokqhtjhw.mp4,147
train/pEgTKRJxn1g.mp4,147
train/ckVzjBGvrI8.mp4,147
train/YqgPa3XWyNI.mp4,148
train/y43FY6Dh6MA.mp4,148
train/3iOAD2wcrsc.mp4,148
train/6FB1CBaF6fc.mp4,148
train/5YmGLs3KaOg.mp4,148
train/h4lJerahHGs.mp4,148
train/XV36jD-sdXk.mp4,148
train/aejqYC-ZD0c.mp4,148
train/udLJro2aAbs.mp4,148
train/x-L4xnjPnvo.mp4,148
train/s4ftxdz0-5s.mp4,148
train/YgolPi1OFXE.mp4,148
train/fjOMud2tKpE.mp4,148
train/DgxdioI9VcA.mp4,148
train/q-EaoZU-kL4.mp4,148
train/bMJ0eEvoAGo.mp4,148
train/ynvkq0r2wQA.mp4,149
train/YaHf6NZeKRs.mp4,149
train/3dWenaRak0I.mp4,149
train/5OHlyttVgmc.mp4,149
train/59mBgF6cxmQ.mp4,149
train/GxBQ-k5d3YE.mp4,149
train/xrEVqLoxLQU.mp4,149
train/a9I2fVhgefY.mp4,149
train/TZwMNNdHtOU.mp4,149
train/WLRlEXUPHBY.mp4,149
train/s9hO6xuVLn0.mp4,149
train/YFnMyoNk_DM.mp4,149
train/ePgkF2BrL20.mp4,149
train/CTx5z7NNR1Q.mp4,149
train/Q1XsAggkPb0.mp4,149
train/BnY6SwOaeUg.mp4,149
train/yomPvgXjDTI.mp4,150
train/Y5MCf6DCE6s.mp4,150
train/2y8OInbrwWA.mp4,150
train/5n3yev-pn0s.mp4,150
train/55_fdJHNFQY.mp4,150
train/hQ1Ha-D9cRc.mp4,150
train/XPCWC4o67Pc.mp4,150
train/AiXtRGtyURY.mp4,150
train/UA4cX0RRbNA.mp4,150
train/WuRi7F6Q0qI.mp4,150
train/rlMN8qACQAw.mp4,150
train/YcrWQR_T_LM.mp4,150
train/fUHGkq71ZoI.mp4,150
train/E--4QNUCgYc.mp4,150
train/Psn5qWEk22A.mp4,150
train/C4st8R-_GB0.mp4,150
train/Ye-aKpKlhw8.mp4,151
train/XusQ3T98QAc.mp4,151
train/317fwDrU2Fs.mp4,151
train/5fCKFjR1LCs.mp4,151
train/5-8-H9Ed1U0.mp4,151
train/Gp5XO43cdd0.mp4,151
train/xh2tN5gQJdM.mp4,151
train/a9jkbha8bmc.mp4,151
train/Tzm98KFAcP8.mp4,151
train/wMZRjE51pUs.mp4,151
train/rRnY5nV9X04.mp4,151
train/XYEI-TfT4bM.mp4,151
train/eR_bbFTZVOg.mp4,151
train/cpiCYo_QOPE.mp4,151
train/PfM0BDtSjxc.mp4,151
train/B47FUy_TIsY.mp4,151
train/Y32yFYRmNVU.mp4,152
train/XRlYOc0iNqA.mp4,152
train/2wtEBmRK6v8.mp4,152
train/5rDDlvo3TM0.mp4,152
train/5fcyyIq6QA0.mp4,152
train/hHUyAXZmX9s.mp4,152
train/xA_SSyLypoA.mp4,152
train/AweQEUPM1ao.mp4,152
train/TxhiarReYfg.mp4,152
train/WJkons9zDt8.mp4,152
train/s2_7vEtkr4k.mp4,152
train/xUPdTFIkxXk.mp4,152
train/FrLmi3eA6CU.mp4,152
train/Ds808KER-Xo.mp4,152
train/pMA0hYvMXjk.mp4,152
train/cjRa4Y4KjuE.mp4,152
train/yKfKlETMRQk.mp4,153
train/Y5pQY-r-TyM.mp4,153
train/3Wl-3OLdyrE.mp4,153
train/6m9HTPcOoN8.mp4,153
train/608-MWEo-kM.mp4,153
train/H0lXGAeWVlM.mp4,153
train/xo-1_Clj9Tc.mp4,153
train/aKUHZFHLV1g.mp4,153
train/UHYWHNgdcVA.mp4,153
train/WLnf6neIS1U.mp4,153
train/s7mdOhXAz9U.mp4,153
train/yc35U3PNmlc.mp4,153
train/f7RCz_SX0Jc.mp4,153
train/D3y5rAJArBI.mp4,153
train/PTqxRabZR-w.mp4,153
train/bxqQbJNf8dM.mp4,153
train/ya2dO8MAksc.mp4,154
train/XW6GDkGfSNc.mp4,154
train/3I1PBR3Ojlg.mp4,154
train/5Vyqfr-z2Ns.mp4,154
train/5HQm88eSKEw.mp4,154
train/GognU4c3IHM.mp4,154
train/xfSbVZE6AVk.mp4,154
train/A3sohTryEHc.mp4,154
train/T5r-yLK2p9Q.mp4,154
train/wG-XddL54Dc.mp4,154
train/RcVwv0tlOQE.mp4,154
train/XZTSG6O0Kq4.mp4,154
train/exWK6NHDKmI.mp4,154
train/CkljW7-d6to.mp4,154
train/p2wNlxypqvs.mp4,154
train/BGzoVtDOILA.mp4,154
train/yb6jcwBCFiI.mp4,155
train/XW4r5NFyH8E.mp4,155
train/2NSM1-qj5Bc.mp4,155
train/4k4A9_LMJok.mp4,155
train/4aILXRMbd4k.mp4,155
train/HEjWK6CQsiY.mp4,155
train/XCHiy5FG5mo.mp4,155
train/a2TpGG7CJAI.mp4,155
train/u1Igwnhf6CM.mp4,155
train/wEJId2Wqz1Q.mp4,155
train/s58XauYcqoI.mp4,155
train/Y4-qa8GIu0s.mp4,155
train/f9N-0dwsuz0.mp4,155
train/dbdqAAzF6gA.mp4,155
train/pk9Y66RazPM.mp4,155
train/BfW1QQi6ows.mp4,155
train/Y8oJZbEyyAg.mp4,156
train/XTxN4rsjSoU.mp4,156
train/2VFteaAV51s.mp4,156
train/5HfUDHuZiUc.mp4,156
train/50bzJwVuI3Q.mp4,156
train/gtjvVgNMPtI.mp4,156
train/Xj5RG2oer-o.mp4,156
train/aI_syE4iqoY.mp4,156
train/tLOuKfPw0_0.mp4,156
train/wmM0mKjfq_4.mp4,156
train/rmVbzYO38KE.mp4,156
train/xwxfP_A6iyM.mp4,156
train/Fa2T3bQOf4E.mp4,156
train/Db9NssZFRxk.mp4,156
train/p7YoGSPZdBE.mp4,156
train/BTEFpwYubGc.mp4,156
train/y4Hk5APms4M.mp4,157
train/XTHRwb5WGyw.mp4,157
train/3qBZbhvNDZc.mp4,157
train/601v8cwpYrw.mp4,157
train/5Si_RsH25JU.mp4,157
train/fwuJr28X2g4.mp4,157
train/XGZJvR7nIOw.mp4,157
train/aChH2VqaN70.mp4,157
train/tb0Bi7MMueQ.mp4,157
train/wepxqfmwBkY.mp4,157
train/R0Np9Nm5i0I.mp4,157
train/XWTjdp8HwnE.mp4,157
train/eBsMrmP0iNk.mp4,157
train/C8gNVY2gQrw.mp4,157
train/orJnwU0aHQg.mp4,157
train/BBOPa1A7K9o.mp4,157
train/y9EQqF0pdq8.mp4,158
train/xoP39WCiOeI.mp4,158
train/2N7rGkb9mdA.mp4,158
train/5YpQGPhFk-E.mp4,158
train/57txm5k63cI.mp4,158
train/hetzCeLDYQw.mp4,158
train/xbAp3btD1r0.mp4,158
train/ALZqVPcFbi0.mp4,158
train/tNnMDarXi_c.mp4,158
train/wGmVLY_NXfA.mp4,158
train/Rl2bhEsHAn0.mp4,158
train/xWs5YDi-acs.mp4,158
train/fF3CocDgxZQ.mp4,158
train/DjPAns6nbl0.mp4,158
train/PEaAIWe-M_M.mp4,158
train/BXEImNkFb7E.mp4,158
train/YopSd75yI64.mp4,159
train/yaFs9C35Xb8.mp4,159
train/2uIKsRkQo0w.mp4,159
train/5M1PFdVAblE.mp4,159
train/4PdAhDIU3-I.mp4,159
train/i65riznGWiA.mp4,159
train/XQC4KUobjPU.mp4,159
train/arVGiLNJlCE.mp4,159
train/uCBHkZdS6d4.mp4,159
train/wrD7NfF6JO4.mp4,159
train/RztP8s5VLBw.mp4,159
train/YFTrnIjfoIQ.mp4,159
train/GcuZO6jZhw0.mp4,159
train/DZk3gJCoBiU.mp4,159
train/pXp-2OaRaYk.mp4,159
train/cAyFmeNxyGg.mp4,159
train/y9i92sOT9hQ.mp4,160
train/XonOFsiqix8.mp4,160
train/2qOtmJgEpgM.mp4,160
train/58oGaVlLzEU.mp4,160
train/4rnfkKbSNuQ.mp4,160
train/hP13dd_U3Tw.mp4,160
train/X8g3IPN6vZE.mp4,160
train/AT-0J3adAEI.mp4,160
train/tsfcG9RzexM.mp4,160
train/WhPvGD_Ox78.mp4,160
train/rHEJ1b3Marc.mp4,160
train/Xv3fwV97vBA.mp4,160
train/FSvv3dunKFE.mp4,160
train/EAlESXCQBW0.mp4,160
train/OYqMRmTeyFs.mp4,160
train/CPy30NXqcE4.mp4,160
train/XAoyUHqkRmQ.mp4,161
train/wo7jUOGRVyc.mp4,161
train/3WgDm7SLx0M.mp4,161
train/6eJLRazdEVQ.mp4,161
train/5UfVU_S9Roc.mp4,161
train/GghfUsxI478.mp4,161
train/wE1uGJlWHfc.mp4,161
train/awqMWUt3fiE.mp4,161
train/STe346LVB8I.mp4,161
train/VjpUmsLl950.mp4,161
train/r9pyp_TP68A.mp4,161
train/wu748-1rGDs.mp4,161
train/F1Jgiu3zca0.mp4,161
train/DMFRb01BHVc.mp4,161
train/oxskSSbDp4Y.mp4,161
train/C0Xjfdf25Y0.mp4,161
train/YApjDoBwszA.mp4,162
train/XucvCI1kG84.mp4,162
train/2khksHmc5sU.mp4,162
train/4mgFWiCUOiI.mp4,162
train/4CCUqGntMCQ.mp4,162
train/gK3ooFKujO0.mp4,162
train/xcAK4ak4LR0.mp4,162
train/aE-B_WKLVLA.mp4,162
train/u8MpvHOS2F0.mp4,162
train/WMNphp83W_Y.mp4,162
train/RgRI3xqewN8.mp4,162
train/XvtkkYLyf9Y.mp4,162
train/eNmNCNRE930.mp4,162
train/ctE4t6crbUY.mp4,162
train/OIzlkXZPUUY.mp4,162
train/BotoEq5Plkc.mp4,162
train/XWOf80p3HYo.mp4,163
train/X3MGycCbidg.mp4,163
train/2jlNHwwNmY4.mp4,163
train/5-1n_Kt9Ngo.mp4,163
train/4p712qgXbG8.mp4,163
train/GFzxL_Mdhdg.mp4,163
train/wLhKgOlPmgQ.mp4,163
train/AAZw2JAFbXI.mp4,163
train/tItQJLdlX9o.mp4,163
train/Vt218QPfL5I.mp4,163
train/R9hkx6rXbE4.mp4,163
train/XifRHl9Z3HE.mp4,163
train/efQJq-SBtZU.mp4,163
train/ckuk9_fxHyA.mp4,163
train/op5XBbttHP4.mp4,163
train/bEm6isgMlNo.mp4,163
train/yek81NSN3ZY.mp4,164
train/Y0b6KQVt40w.mp4,164
train/3BELEKmGJsA.mp4,164
train/5OfHdnHYfv4.mp4,164
train/5ezgYGZMFMQ.mp4,164
train/haAxjdTLCb0.mp4,164
train/xNo8QBcfmqM.mp4,164
train/AKQNDu26i_A.mp4,164
train/UhZXJTmGjsg.mp4,164
train/wV0sjWQpa6U.mp4,164
train/S6Ef2Tksqkw.mp4,164
train/y2-vjqd2RXc.mp4,164
train/F84UmLiO3hc.mp4,164
train/DODjelDOPJQ.mp4,164
train/PvMh1SD2WyI.mp4,164
train/C7EkmgQMpAo.mp4,164
train/xWig0D5sQLA.mp4,165
train/XfylPtHUIxo.mp4,165
train/3aJHGyfGH2s.mp4,165
train/6-BFR4xe4_M.mp4,165
train/5o4MAFABi2E.mp4,165
train/h2r8L05nMGY.mp4,165
train/WWM6nwScr5M.mp4,165
train/AAZzcccsKmo.mp4,165
train/tC1pTCYz44s.mp4,165
train/W-Am5wvZZu0.mp4,165
train/r8yhdvIwJq0.mp4,165
train/xiQ_4W2fDCA.mp4,165
train/f2mnSw6qg0I.mp4,165
train/d9U0j_MdlRs.mp4,165
train/P0HrySVzmK4.mp4,165
train/BPHRKKqeAcE.mp4,165
train/XP_rWBUAmEs.mp4,166
train/X7QwXFtVeY0.mp4,166
train/2kZrPCXHYqY.mp4,166
train/4vd8lB21BHo.mp4,166
train/4GtIrBKq3F0.mp4,166
train/gh11uOImxJY.mp4,166
train/wVEgY_CTGQY.mp4,166
train/9mFA2a3UiYQ.mp4,166
train/tnpnkx11saA.mp4,166
train/W063X40st5A.mp4,166
train/r1eC23TYixQ.mp4,166
train/Xiv6_2YWbWw.mp4,166
train/EMKbhiflkbE.mp4,166
train/cnwLvrj6Xxg.mp4,166
train/pCmrxmICxbo.mp4,166
train/bI9PyvuqpNQ.mp4,166
train/XW33eVV__G8.mp4,167
train/xIAVN3NZE_I.mp4,167
train/25KikUi4K_A.mp4,167
train/4oSuzJTm0xs.mp4,167
train/44579HZisag.mp4,167
train/Gxx8JBQWC18.mp4,167
train/WYB2WuFMGLk.mp4,167
train/a2d7P1G1DIE.mp4,167
train/Tf9j5jamNDY.mp4,167
train/w7mduc1clZU.mp4,167
train/qvKu5tRUeyc.mp4,167
train/XkvENYeTmuM.mp4,167
train/FB141_TrfsE.mp4,167
train/d9w_gIo7ANQ.mp4,167
train/oVzRH9PWBMs.mp4,167
train/BmjiNjFNNN0.mp4,167
train/Y0z8mgH6uPo.mp4,168
train/xjCqVKOb3Sk.mp4,168
train/2rr7SI-fguo.mp4,168
train/5Md7aqM9LLo.mp4,168
train/4uSOdO0E688.mp4,168
train/Fx3d9dT00EQ.mp4,168
train/WxEwcj38h3E.mp4,168
train/A9Ybf9z1Kjk.mp4,168
train/tBlh0X7rbhY.mp4,168
train/WbzGe6PPQNo.mp4,168
train/q-kfTWIk_cs.mp4,168
train/XM1yDhCKj38.mp4,168
train/ef-I7s3X7EM.mp4,168
train/cYIw6negOs8.mp4,168
train/oAbso5QZESE.mp4,168
train/bkWK79-Dm3A.mp4,168
train/xXEG-3fhGgE.mp4,169
train/xFWlKMNfe9o.mp4,169
train/2UXCC5iONM0.mp4,169
train/5C9lhUhiJMk.mp4,169
train/4pmkLkrDTdA.mp4,169
train/h-6joIbk4hY.mp4,169
train/X-Ir0k_D8J0.mp4,169
train/aMbGRW5j2F4.mp4,169
train/u8Y0WHT1gA0.mp4,169
train/WfTEnPj3R_E.mp4,169
train/s60F2ja6QXE.mp4,169
train/xo-VFeJmQQc.mp4,169
train/f7lKr6RdMgY.mp4,169
train/DFcDhzpdxL0.mp4,169
train/p_Kg9tMqbeo.mp4,169
train/C0QunR-DTiQ.mp4,169
train/xPST-Us_J84.mp4,170
train/X3NFutlQ9X8.mp4,170
train/2jXdrOUHm8A.mp4,170
train/4O5yIkEA4cs.mp4,170
train/4fq8gYF916Y.mp4,170
train/GjxNIeZQcf0.mp4,170
train/wrBLt_UgOW0.mp4,170
train/AAZms7-AH34.mp4,170
train/tbPAep_Cf-w.mp4,170
train/VwxEnplingQ.mp4,170
train/Qx6SqZ7lKPA.mp4,170
train/X9cAF_6wuyk.mp4,170
train/eiHVIqG9710.mp4,170
train/CkR7vgVHwxA.mp4,170
train/OXB-ScYdxn4.mp4,170
train/bHrD5MKgtU4.mp4,170
train/XLCDXIvsbe4.mp4,171
train/_YfQdeN2_Ss.mp4,171
train/x7sx65fA3pw.mp4,171
train/2A-C_wkbg9E.mp4,171
train/4pR7Ypv2jAw.mp4,171
train/4AMpYk39ezw.mp4,171
train/GBM6jRS-N1M.mp4,171
train/wX2pJplVk8M.mp4,171
train/9fAGh6N-h4I.mp4,171
train/suDd9oHkucw.mp4,171
train/vZCdnRRwKgY.mp4,171
train/qtBqpGr4Ogk.mp4,171
train/xedwRJIwmUU.mp4,171
train/egY8CkL8dMQ.mp4,171
train/CMyQUlE2b24.mp4,171
train/O6oMS5ApyXQ.mp4,171
train/XTnyoqLPReI.mp4,172
train/__miopjdPvo.mp4,172
train/XbhevDGbtEM.mp4,172
train/3-d5x0BC5Zg.mp4,172
train/5UygQUWL5Ic.mp4,172
train/5NyfsFTd3Vc.mp4,172
train/h91FI13Tk4w.mp4,172
train/wRZJS4DBar4.mp4,172
train/A65W8cR_unk.mp4,172
train/TQjEPwb5TsQ.mp4,172
train/vz2Hdq-Yhvc.mp4,172
train/RSCrUoo5avU.mp4,172
train/XhXJUQAb830.mp4,172
train/FmU4a3qaYlc.mp4,172
train/DTIyKGqnKRc.mp4,172
train/pspUs9mJOQI.mp4,172
train/XkQYWXkZ7sk.mp4,173
train/_iba9OYNI9k.mp4,173
train/X53m4mhlFfU.mp4,173
train/2mYBUFhMPHE.mp4,173
train/5fg7agnSVhE.mp4,173
train/4rJXHynmvGQ.mp4,173
train/GAntlvymt7M.mp4,173
train/WGZ7YKwAayE.mp4,173
train/ab7tohW_XFg.mp4,173
train/SQlwVQSyn18.mp4,173
train/V8gkhKDlbWs.mp4,173
train/QF6fEztNJtA.mp4,173
train/x8FrDq2d96Y.mp4,173
train/ePGxEMSJxIY.mp4,173
train/Cr3ERhTGPXk.mp4,173
train/nUJ2Z7RcQoc.mp4,173
train/WWkpigAu2Nc.mp4,174
train/_m883MdWzbo.mp4,174
train/wey19DVUP0A.mp4,174
train/2CEHAmdsZ9M.mp4,174
train/4vaQo7z7eZA.mp4,174
train/4GEqqFdZkCI.mp4,174
train/ggJC8UgUlOo.mp4,174
train/vRaKoofwO-g.mp4,174
train/A4yvEpvHwQM.mp4,174
train/t200h1rgSG0.mp4,174
train/v0P1SpwOD5o.mp4,174
train/qvqrHP4Nc1o.mp4,174
train/wGZN_FRZGGQ.mp4,174
train/elJ-0LOKivc.mp4,174
train/csvPTGYwa7w.mp4,174
train/p-Ez2ku6Pes.mp4,174
train/xmKb60OtNj8.mp4,175
train/_mv094jHcqc.mp4,175
train/wxUKYq3Su5M.mp4,175
train/3ExJPwOOCE8.mp4,175
train/5X_U1g1u5Wk.mp4,175
train/5PpDWXGONCk.mp4,175
train/haBO8bfkNtU.mp4,175
train/WeoePTe9UFw.mp4,175
train/As1nwvN6RcY.mp4,175
train/TaenBhdIKWs.mp4,175
train/vcIXezE57Bk.mp4,175
train/rE4a2XpeMHQ.mp4,175
train/x2e4Wv7wKkk.mp4,175
train/FRCh4hiWFC8.mp4,175
train/dWf4orQI9Ok.mp4,175
train/p50N1YfWjJY.mp4,175
train/xdpQkP8Z82Y.mp4,176
train/_l0da5E5kl0.mp4,176
train/WtkesqS2mFs.mp4,176
train/39yUbjNDU_Y.mp4,176
train/5fEyNLaaKk8.mp4,176
train/4lk0_EgQtVU.mp4,176
train/FYv-2ehoGWo.mp4,176
train/wFF8SqeAfk8.mp4,176
train/a7c-9f2G-9Q.mp4,176
train/t3bW9P5Z6sI.mp4,176
train/vA_xw4G7kFM.mp4,176
train/r2F_EfEEZak.mp4,176
train/WWNzLOxRRW4.mp4,176
train/EcrdSx4hgt0.mp4,176
train/CMJSf44mDIE.mp4,176
train/OYX8HSLSdpI.mp4,176
train/X6Dk2oWaQbo.mp4,177
train/z_w5MV0UXs0.mp4,177
train/wO4YpPN6SvM.mp4,177
train/33UWZhIV3Hs.mp4,177
train/5y12O0m831s.mp4,177
train/5hAyrEWeft4.mp4,177
train/GMHjtz90Bdc.mp4,177
train/w5IxlaSEvhI.mp4,177
train/AHOp_Wn3Ekg.mp4,177
train/sy6VdOM82Mw.mp4,177
train/vftllt7l-YY.mp4,177
train/qQa3UMU4QHY.mp4,177
train/wuG5GjDZtTM.mp4,177
train/EVAJmYiILz8.mp4,177
train/d45MYUVKg2o.mp4,177
train/Op8oUhmbp8c.mp4,177
train/_yAZLpoZSDs.mp4,178
train/X8mXJHW3v0o.mp4,178
train/_MxbhMCT7UQ.mp4,178
train/Ws6fcL6l4WY.mp4,178
train/3kgq0j4jug8.mp4,178
train/6-DrJ3k6PEk.mp4,178
train/5iFYeGvuuV4.mp4,178
train/gpFO9Cgr8ac.mp4,178
train/WISQzHZ92vM.mp4,178
train/ADSqX2Qdmkk.mp4,178
train/tbi9LRWr_30.mp4,178
train/vlY8vOjd130.mp4,178
train/rg0Mnk8MiUA.mp4,178
train/www0kuXozhg.mp4,178
train/f0JAgpMaqHQ.mp4,178
train/d0CXnu1vGYA.mp4,178
train/_YCpVvyVkWg.mp4,179
train/wvkSf1o259Q.mp4,179
train/_c_PECJMQPo.mp4,179
train/w7YJOupVi9E.mp4,179
train/2rgtfbSl4N8.mp4,179
train/4LxS8-mnQ3s.mp4,179
train/47KAT2jOM14.mp4,179
train/gGLMlcOvwwc.mp4,179
train/Vna8ozB-c7w.mp4,179
train/aCHvPiH8atI.mp4,179
train/sIDWZMKaVyw.mp4,179
train/uXyygNiBraM.mp4,179
train/Pxtqmg_4mqY.mp4,179
train/WEYSRyo3mBc.mp4,179
train/ExSVqjaU7-U.mp4,179
train/d6MwcQgkLys.mp4,179
train/_v-HI7tS2LU.mp4,180
train/XbzZ1sahYrI.mp4,180
train/_DgjVFCIYtg.mp4,180
train/WvlG7V427jk.mp4,180
train/3bbU2SZZn1Q.mp4,180
train/5HVD5DyWXA0.mp4,180
train/5DXWK8H3gN8.mp4,180
train/G82Q_w3Uvrc.mp4,180
train/wIbQokrOMBg.mp4,180
train/afHF_CYzVDk.mp4,180
train/sWKiJfvKm1A.mp4,180
train/VrerqeaVxQo.mp4,180
train/qSLx2gSBP3s.mp4,180
train/x2iryIgNQvw.mp4,180
train/eGaspQfeV0M.mp4,180
train/cmCA5hkqpOc.mp4,180
train/_YZSKpNPI4E.mp4,181
train/XbKmkmv_cJk.mp4,181
train/ZWOjj94IIVU.mp4,181
train/wSzBoWAUxeo.mp4,181
train/2QIaJxfph1s.mp4,181
train/4r_fstVOC7A.mp4,181
train/4CJ59fcs4KI.mp4,181
train/gTeaGN5QgMY.mp4,181
train/wbwje7fwHl0.mp4,181
train/8VPNQ0voqao.mp4,181
train/S-u0rinI3hw.mp4,181
train/V8hHZ2_M6kU.mp4,181
train/pWNxJpueD10.mp4,181
train/wyPET7I8njo.mp4,181
train/euT_RqlPWjY.mp4,181
train/CMK8AAttA_Q.mp4,181
train/_TkO9Rrzg0A.mp4,182
train/xCazK-DxiAU.mp4,182
train/_obl7KD8YSI.mp4,182
train/wtwPjLAfczQ.mp4,182
train/2i0is3zDoW0.mp4,182
train/4CqGj7P9nhU.mp4,182
train/42yBtz_sIdc.mp4,182
train/FUotWPzb3u4.mp4,182
train/WdeAX8oBuFQ.mp4,182
train/9t2aJ5dZADY.mp4,182
train/TAeL3BMVUfU.mp4,182
train/v2s5Yz9xgzY.mp4,182
train/qUo0ivcZlJo.mp4,182
train/Wz2p9ciT3Qk.mp4,182
train/eHVcq2wSvqg.mp4,182
train/cixj9P5EXRs.mp4,182
train/_YsHLW1Fk4E.mp4,183
train/xBjAV951hTU.mp4,183
train/_Jt_jr2u9JY.mp4,183
train/WVnixDaLGv8.mp4,183
train/2bUXcOOt9Y8.mp4,183
train/49OXzv3f3wU.mp4,183
train/3TYNnb_8Uao.mp4,183
train/gLZCuD-h3og.mp4,183
train/wHkwr5QchxU.mp4,183
train/9iWUthbjP0U.mp4,183
train/tG3rDEiM3S4.mp4,183
train/ViwbVWyYyXs.mp4,183
train/Qzz7z0JbFMI.mp4,183
train/w_ZFmlIEanY.mp4,183
train/Em1XzuViHIo.mp4,183
train/CGLVpK0BLIs.mp4,183
train/_w9Bx0Tj7FA.mp4,184
train/Xr0NMdazqc8.mp4,184
train/_HTYRYvhP8Y.mp4,184
train/XfM8xUMZCQY.mp4,184
train/2SJxNz5hScI.mp4,184
train/5-AIPDrEKdQ.mp4,184
train/4km0DrtKL5s.mp4,184
train/GTVb7B7skSY.mp4,184
train/Wrmgo39h8Ko.mp4,184
train/Akp7GDbA6ds.mp4,184
train/tIIIooqsyr0.mp4,184
train/Vx926fRkdvI.mp4,184
train/RgMyTxZc5Q0.mp4,184
train/xjuG2Pz0K7c.mp4,184
train/fezmHmCBXLA.mp4,184
train/Dr8JgBMzEXo.mp4,184
train/_h7gEWk7H5U.mp4,185
train/xcsWNz6XGTE.mp4,185
train/ZyA7fjrgUqU.mp4,185
train/wQwmYnOCliI.mp4,185
train/35BzmM3RygY.mp4,185
train/5ZK6JympqYM.mp4,185
train/5Jc7UwAEziU.mp4,185
train/GpQOmdbrWr4.mp4,185
train/Wheaz_JMPiM.mp4,185
train/9ucJ0v4QhEQ.mp4,185
train/tKy5nCyuKIg.mp4,185
train/VnYaE2wImYw.mp4,185
train/rDnJ8JlPieU.mp4,185
train/wX9Q9QoiYgk.mp4,185
train/et2yEs7xPag.mp4,185
train/CNOCYM3dUq8.mp4,185
train/_RP8EJBACLU.mp4,186
train/xhqLSoRc0VA.mp4,186
train/_-ehtlYbWNo.mp4,186
train/wVw4c2dANg4.mp4,186
train/3AmA1KlvNcc.mp4,186
train/5LAeR1udgpQ.mp4,186
train/55l6FXZMIoc.mp4,186
train/gdD4CUUnqVI.mp4,186
train/whGsCY1XrC0.mp4,186
train/A1A0OLrQCl4.mp4,186
train/SFOtTKsyUfo.mp4,186
train/Vke-WSKuGbg.mp4,186
train/P_jE2UwkMF0.mp4,186
train/X1zY-H03ZIA.mp4,186
train/eqssFoESItI.mp4,186
train/c_ceA8agOPY.mp4,186
train/_SDoKmZwo2o.mp4,187
train/WSgUrNap5B4.mp4,187
train/_3-RIujVltk.mp4,187
train/WL02p7rYJ3o.mp4,187
train/3x44HOJE1qc.mp4,187
train/6GdD5oU257E.mp4,187
train/5L3ybATpZ1c.mp4,187
train/hJfEc4C1Fq4.mp4,187
train/vYDB5cTVJs4.mp4,187
train/AsEM25LqDO0.mp4,187
train/SuddsSYxLfw.mp4,187
train/VB6JWFyThSI.mp4,187
train/qrej6nGPvsY.mp4,187
train/wOC3pAKnX7o.mp4,187
train/FSd4-dChsn8.mp4,187
train/DMoFnKjoav0.mp4,187
train/_Hi7ZLD8oUA.mp4,188
train/WWdHDcYrSdY.mp4,188
train/Zppsg-HQ7nQ.mp4,188
train/wkVUyoHLbR8.mp4,188
train/3OFEfLO1Rco.mp4,188
train/6OkW_mhsbjo.mp4,188
train/6-fx_Px-CxU.mp4,188
train/gGnZHeKNaeY.mp4,188
train/W1YejnFAVms.mp4,188
train/arMtnIIembA.mp4,188
train/ssX8rUfL2BM.mp4,188
train/VBKiZggtdIo.mp4,188
train/QKM37e3-M1Y.mp4,188
train/WQkzpkbQPwk.mp4,188
train/f1twQY1XhYE.mp4,188
train/DQQMOUMparE.mp4,188
train/_hp2K9LdU50.mp4,189
train/x3u5qXCwEC8.mp4,189
train/zy9-xt2vBIM.mp4,189
train/WohUHsyt-S0.mp4,189
train/3cbQoywYSsY.mp4,189
train/5i2JxGRghcE.mp4,189
train/4ZcoHv99-dU.mp4,189
train/GuyQC-vESXE.mp4,189
train/WE5jk8-tORY.mp4,189
train/ABEhLycETyA.mp4,189
train/tCIIRwD-6Rk.mp4,189
train/VOBGR1HF4rU.mp4,189
train/R63IUL1pW8I.mp4,189
train/WTJQ7jHbYrs.mp4,189
train/f6pgC5YEwIc.mp4,189
train/d2SXDqIcuZg.mp4,189
train/_SYRPbotneA.mp4,190
train/XBwyQtDpYnM.mp4,190
train/_DTNtVd3HZQ.mp4,190
train/wTy99jlF5lo.mp4,190
train/2qN_X0TpTNs.mp4,190
train/5kZV_wY4pOU.mp4,190
train/4vfGx4fEdZ0.mp4,190
train/FVFt7wVErdY.mp4,190
train/WLSZVjzRC5g.mp4,190
train/AfWQIkRZBYk.mp4,190
train/T1X_BEWnBsg.mp4,190
train/VtSgGrlDz1E.mp4,190
train/qpWxac2Ref4.mp4,190
train/X5t6zXSj38U.mp4,190
train/E41pD0wYOmY.mp4,190
train/CTxKOyb16gk.mp4,190
train/_OF46kPc5fc.mp4,191
train/WZuLqA06N2E.mp4,191
train/_8Hww4NvVYQ.mp4,191
train/Wo3W0YUSfg4.mp4,191
train/2fqYeDwFK4I.mp4,191
train/5H2GczeklxY.mp4,191
train/4QOVQ4VR7K4.mp4,191
train/GOIneoW4qCg.mp4,191
train/W7UZ1YsyOek.mp4,191
train/ArtIJReL92s.mp4,191
train/sjPfV1CrdE0.mp4,191
train/VbAK33YSEFg.mp4,191
train/QH9-xWwC9cw.mp4,191
train/ws7SvEYlmZg.mp4,191
train/fEX15nY3QjE.mp4,191
train/Dkhp6VHgsbM.mp4,191
train/_BbKl0vSxF8.mp4,192
train/Wwkkk9jEkg8.mp4,192
train/ZTAIb5dYBpc.mp4,192
train/WE6uQXGoWYM.mp4,192
train/2nUAz3xdnZ8.mp4,192
train/4jwI-2zFBtA.mp4,192
train/45OoS2Mc7vQ.mp4,192
train/G9NamfmjyaE.mp4,192
train/VytRa2fs-ZU.mp4,192
train/a8eRXxrzeqY.mp4,192
train/shsYhwYU3q4.mp4,192
train/v2ZU1bJ3Q4U.mp4,192
train/qAZSDiLurZk.mp4,192
train/wjyAE29BdtY.mp4,192
train/ElIU0zQ2vf0.mp4,192
train/Czjsw0nPAds.mp4,192
train/_BJ-oYP106Q.mp4,193
train/x8cNh7mzxAU.mp4,193
train/Zu2xQjZPIuU.mp4,193
train/WkW6ZKDLZg8.mp4,193
train/2K371Vetxbw.mp4,193
train/5aqQbum1fJw.mp4,193
train/4rEjZfjSov8.mp4,193
train/GGSwtEShL28.mp4,193
train/vV7iET6kgZY.mp4,193
train/A-7Sy7oRhM8.mp4,193
train/SK3zH2w1jDE.mp4,193
train/UvOB2_nrXkQ.mp4,193
train/qm8BKTBMpqw.mp4,193
train/Wrs1YeSsGcw.mp4,193
train/EviDskC7Ruw.mp4,193
train/d-KCrMLLcro.mp4,193
train/_mMWJd0wkjA.mp4,194
train/xTKFnYmMNoE.mp4,194
train/_dJszooLTs0.mp4,194
train/Xb5ymC0_chY.mp4,194
train/40HYBhem_Ko.mp4,194
train/66fFb3AlyM0.mp4,194
train/5iw8kj1xOhE.mp4,194
train/hHu6bab1dbI.mp4,194
train/Wv1_3MFxV_g.mp4,194
train/BF4xm_xgfTA.mp4,194
train/UBsG9gYWlcw.mp4,194
train/wCOWZxwfxFc.mp4,194
train/S1PGvY5T1-k.mp4,194
train/XFpxXoOSTBU.mp4,194
train/F_BEuNL7d6w.mp4,194
train/dVgNHjp8YpM.mp4,194
train/_kghptx6lsA.mp4,195
train/wziuVUMsMXM.mp4,195
train/_AjdVoschrU.mp4,195
train/wFTqWsMsMvk.mp4,195
train/342mJFHY87Q.mp4,195
train/5DnpeHrTTuw.mp4,195
train/4pD35Juf8Qw.mp4,195
train/gfOIbU66_Gg.mp4,195
train/vXUjxdpvtqc.mp4,195
train/A2fm9pglq9g.mp4,195
train/St6dmZ-DJDA.mp4,195
train/VacKojcD9xo.mp4,195
train/q8iSxHNfIuw.mp4,195
train/wIO2V-lIn-g.mp4,195
train/EmgVTTCA50U.mp4,195
train/Cv8KLn_HBuo.mp4,195
train/_iyhLhfz8yE.mp4,196
train/X8xPold25Qc.mp4,196
train/ZYqGeASj7_0.mp4,196
train/wqzSV8qhzJQ.mp4,196
train/2_U4CsufAQQ.mp4,196
train/57tqbTO0ed4.mp4,196
train/4shU9YHN58A.mp4,196
train/GQva9uAtJbw.mp4,196
train/w9np1FTetck.mp4,196
train/AFzNPfjQYyY.mp4,196
train/su9drEQV9uI.mp4,196
train/vjk78u6oC2c.mp4,196
train/QnSxAkfjREw.mp4,196
train/WVHCpzTCKjI.mp4,196
train/EUKFkkFagLA.mp4,196
train/D7PZzRH0Sdk.mp4,196
train/_5XGUq5gpHA.mp4,197
train/X44fjUtA0mo.mp4,197
train/Zt7au4rhYj8.mp4,197
train/wQkxJZgZF5o.mp4,197
train/2PxSF5ClPvM.mp4,197
train/4FwUr2Du6fQ.mp4,197
train/3XTFuXZjabg.mp4,197
train/GQjTmRim_kw.mp4,197
train/WEnc_ErVhsk.mp4,197
train/9zC62fbUS-8.mp4,197
train/TL5xryrKdwE.mp4,197
train/vr0zOi9oZoA.mp4,197
train/qRR0H0sXvVE.mp4,197
train/wsHtkYfvE10.mp4,197
train/EYxyxAEYhsM.mp4,197
train/D3gr35giKoA.mp4,197
train/_gm-IdMwIJQ.mp4,198
train/XCwQDHUnci0.mp4,198
train/Zy0SB08GJn4.mp4,198
train/x48a9oOpoTw.mp4,198
train/3h1KU0yKZ6Q.mp4,198
train/5WxHaL3WW5I.mp4,198
train/5BmQZmSNpvk.mp4,198
train/hCoFv00e0PE.mp4,198
train/wJVM-HmafCw.mp4,198
train/AItS8BoDaDg.mp4,198
train/t3vxZO7C1mc.mp4,198
train/vpzHgb3OGQY.mp4,198
train/QY6EuIrHsKo.mp4,198
train/x7rCySQ5Pcc.mp4,198
train/fKpSYsTDNnE.mp4,198
train/DfWw2MdKnss.mp4,198
train/_98FOVUM9zA.mp4,199
train/XhkaIwRBvLg.mp4,199
train/ZVRzCvxG87Q.mp4,199
train/WYANF9KgXeU.mp4,199
train/3mWjh3r0_U4.mp4,199
train/6cEzCivY86A.mp4,199
train/5DbBgrtmXd8.mp4,199
train/gSHlGwUo8xM.mp4,199
train/WHK_2IHJkuQ.mp4,199
train/B3J5gzGjUoE.mp4,199
train/T5PrPBrbOC0.mp4,199
train/vJtAzPUAYdA.mp4,199
train/qVoFMtgDvPM.mp4,199
train/X4QqN8YFvw4.mp4,199
train/F0NpU7tcbzI.mp4,199
train/DoQkr3_7CeU.mp4,199
