train/c1O_FxuKCI0.mp4,0
train/6xMGnefcS20.mp4,0
train/jFRF-N1h0ic.mp4,0
train/b1k1VDMEkUo.mp4,0
train/WuRfPWmJPps.mp4,0
train/UB6Qtfz7WSI.mp4,0
train/VMVqyd1W2JY.mp4,0
train/QbIWy9KU--Q.mp4,0
train/G7HHrgFKr-c.mp4,0
train/AadONYLODFg.mp4,0
train/WmakR7NjMPg.mp4,0
train/2orR-NkIVJo.mp4,0
train/qq08ig3sxfI.mp4,0
train/tfcDCUtw0Ik.mp4,0
train/-EA4rZuZRhI.mp4,0
train/tztw0iyc6yg.mp4,0
train/cCfCVVZXbeU.mp4,1
train/_MzB_mwxGa0.mp4,1
train/4sIWXcpdUbU.mp4,1
train/iLE0bOxswrs.mp4,1
train/bGS5vVNjIa8.mp4,1
train/voT5uZ8tKRc.mp4,1
train/tek0-r3WZSk.mp4,1
train/uMS388dljxA.mp4,1
train/PoxlrwyuZ8g.mp4,1
train/GEN-HGqCZ_8.mp4,1
train/8Rx7khPv74U.mp4,1
train/Va5eVZgxsK8.mp4,1
train/2C8mMs8VrZw.mp4,1
train/Q5aa3zI5mAU.mp4,1
train/Sh_VPxKXfbE.mp4,1
train/-B14kmeX4EI.mp4,1
train/bMllv6FrkqQ.mp4,2
train/_DYDGCUbwHk.mp4,2
train/5uMwMS17Zrg.mp4,2
train/ioV69ZIvMvQ.mp4,2
train/Ak2FmIDZiws.mp4,2
train/Wki8KXQ-iBo.mp4,2
train/TAj1zDxdM6w.mp4,2
train/us9A61g68iA.mp4,2
train/paqwQCTNMRo.mp4,2
train/FPgr1QyMky4.mp4,2
train/8x4bGsLYhMQ.mp4,2
train/V_sHlI1p2s4.mp4,2
train/1Oe19lS7_Po.mp4,2
train/pXQuwbWHpO8.mp4,2
train/sHZPGhvGitw.mp4,2
train/-EpXU6PfMzY.mp4,2
train/cMdYK1rKGgg.mp4,3
train/zzdAYzK3MRE.mp4,3
train/5QZPIN20hbk.mp4,3
train/jrvvQjFUIaE.mp4,3
train/BxYzKDoUv_I.mp4,3
train/vnFOlhCcz3c.mp4,3
train/T9kUO2dtuo4.mp4,3
train/UAZ42dU_scs.mp4,3
train/QbllhzGQ92E.mp4,3
train/gQIxn7MtB2Q.mp4,3
train/aebcyzIyZAQ.mp4,3
train/VDD6MtuZuPU.mp4,3
train/1XjXeMjQGrQ.mp4,3
train/QvIvsn8VRls.mp4,3
train/Sq4ZWi-FxmI.mp4,3
train/-lgTBrMOyrs.mp4,3
train/bQhtrqOwzBM.mp4,4
train/zuW8vEm_Qa4.mp4,4
train/4VPmHjAILIU.mp4,4
train/igAlrH8mJs8.mp4,4
train/aR-vEDCZDM8.mp4,4
train/VrscVzKzFSU.mp4,4
train/tDbadw3U-eU.mp4,4
train/UM8GeltHmqo.mp4,4
train/pL108Br7PxY.mp4,4
train/fS2FGJnhxWs.mp4,4
train/8BTyYmwJJ0w.mp4,4
train/v74X9DH1l-E.mp4,4
train/1lLKs4lDSEs.mp4,4
train/q2L0KhcChMs.mp4,4
train/s4UO5MdbnTQ.mp4,4
train/-gWTAB2PAQg.mp4,4
train/clI1qHN08KY.mp4,5
train/zmynO4BB5Ts.mp4,5
train/5exnEC7x_oA.mp4,5
train/jCGkI1eZwVk.mp4,5
train/BmykDRUq_p8.mp4,5
train/W-1BSe4XOgk.mp4,5
train/TXkjikryHIA.mp4,5
train/v83nhKn7_Zs.mp4,5
train/pgxFcXpa_kk.mp4,5
train/GW4qf9LVCz4.mp4,5
train/Alfi0C7wEeI.mp4,5
train/VqUfwWjo3Cg.mp4,5
train/1YuFUWGscoA.mp4,5
train/pryPqWhZI5k.mp4,5
train/sOzMcCfIW5Q.mp4,5
train/-fdmnzySFiQ.mp4,5
train/bgUSV4UaVLs.mp4,6
train/zYAb09yIdTo.mp4,6
train/6aapSdGIfXQ.mp4,6
train/iYv-PIpN7Cc.mp4,6
train/AtdxNn6lZC8.mp4,6
train/vXx5WCs_rdY.mp4,6
train/tAlV4ARN8EU.mp4,6
train/uJyGIUA4weQ.mp4,6
train/p2HJZF0DF2c.mp4,6
train/fGbbhwQ4xAk.mp4,6
train/8zbICPoQmMY.mp4,6
train/viyDo9Niyk0.mp4,6
train/25l5iwkYcoI.mp4,6
train/pSDS1XB1ZrE.mp4,6
train/scC2ryhzPGQ.mp4,6
train/-B75qufAmw8.mp4,6
train/Cj7NGdDLhyA.mp4,7
train/zDFSxXF_SQ4.mp4,7
train/7ZmmXkLeS5Q.mp4,7
train/iYuE_ml0NvE.mp4,7
train/BR2CXPRjMb0.mp4,7
train/vpXI_vyi6-k.mp4,7
train/sx0BnS1ae6s.mp4,7
train/ukHOGXnsmUo.mp4,7
train/PbSi93J4HZI.mp4,7
train/gOYqIxneeZM.mp4,7
train/APSF9BqHhqI.mp4,7
train/vdjdVjgt9WY.mp4,7
train/2xXAiarmD6o.mp4,7
train/Ptaf7W1EgU4.mp4,7
train/sC05pXfkRCk.mp4,7
train/-K7Vi40ZcR0.mp4,7
train/bUPlIr8jSeU.mp4,8
train/z_Wpm3diOcM.mp4,8
train/6wISxgqry08.mp4,8
train/iQ93g_0HTE0.mp4,8
train/ax__7S2Mr6M.mp4,8
train/vdReSGQJHos.mp4,8
train/SQWEMOT16NI.mp4,8
train/U-9yKgzMnl8.mp4,8
train/P948O90bzWk.mp4,8
train/ggTcp1ZzKsA.mp4,8
train/9fjdPBzAqS4.mp4,8
train/UYItjZ8hPg0.mp4,8
train/28XIKs1x3fw.mp4,8
train/pNzrXaG_a84.mp4,8
train/rRDOQE_6hA0.mp4,8
train/-jIBrJAYBeg.mp4,8
train/b_hxKuqmZfs.mp4,9
train/zKPywr0-cJs.mp4,9
train/5lh3wb-W9TE.mp4,9
train/IJtIOTXvLZg.mp4,9
train/bBqmAHjTCcs.mp4,9
train/vvAWOqPh7Y0.mp4,9
train/sFwdUpa9xPw.mp4,9
train/UeyzauHfrgc.mp4,9
train/Op-E7JaK7Oo.mp4,9
train/G-C9Uq7whSA.mp4,9
train/a6RPtw3HPmw.mp4,9
train/VjvCzkE6ziI.mp4,9
train/1pxvzGMCvoA.mp4,9
train/OYxlR210HSY.mp4,9
train/rDoWBk83kdg.mp4,9
train/-2OIwKdLW_Q.mp4,9
train/bMTr7QppaQA.mp4,10
train/ZPBqLbAtZKQ.mp4,10
train/5UMqP338YW0.mp4,10
train/hfyo_3Vfb1w.mp4,10
train/AWA4sI0H5pU.mp4,10
train/UpDQ0lBL6e0.mp4,10
train/SeUjn0dKUoM.mp4,10
train/tj4cDGZ_Y1w.mp4,10
train/o4j7E2DYFME.mp4,10
train/f0G9vgYhbZo.mp4,10
train/9Tyyi5UKTzw.mp4,10
train/UCHUEj65YWE.mp4,10
train/2QGWYQt1tXU.mp4,10
train/p6d5un2YGRk.mp4,10
train/RnNQ5X454RM.mp4,10
train/-RdJnx-yQwI.mp4,10
train/AYttH65IQbA.mp4,11
train/z0GGZ7Uj_iU.mp4,11
train/5NJ1_vvCQlo.mp4,11
train/hULfGIF6MYE.mp4,11
train/9X2bP6wsjwE.mp4,11
train/U_ckkeET7Nw.mp4,11
train/sfL3b2JH8pE.mp4,11
train/TbVS57ifbSM.mp4,11
train/ODSzJF2su3I.mp4,11
train/eoTsulH3jIM.mp4,11
train/8HHaUlwqs6g.mp4,11
train/UihKmpzbaSA.mp4,11
train/1UvFcyeMzQI.mp4,11
train/Ov59U1ZX0p0.mp4,11
train/RfZkwQIg8xQ.mp4,11
train/-54PCruVW7I.mp4,11
train/CAfcoo4DY28.mp4,12
train/zliLJIsSzu0.mp4,12
train/5wb_R09tujo.mp4,12
train/JG_DNdcauDU.mp4,12
train/AXIYBhbMRF0.mp4,12
train/VLw7sd9_zB8.mp4,12
train/tEoxHudIicI.mp4,12
train/UD_OQYyYs4w.mp4,12
train/pPG4axYGu8E.mp4,12
train/gwW5oGgJsvs.mp4,12
train/8jsAEMn9nKQ.mp4,12
train/uxXKcBbsbHc.mp4,12
train/2tALI2p_aM8.mp4,12
train/Qd9y5mTxizM.mp4,12
train/sIAsnS0lCrY.mp4,12
train/-kwStjflygo.mp4,12
train/dpKrELIV80k.mp4,13
train/Zsw1HJZoAcY.mp4,13
train/7tCfy4avuS8.mp4,13
train/j25bBlWFl34.mp4,13
train/cd6K6x2oEGA.mp4,13
train/Vt-nwuar3tY.mp4,13
train/SI42smhJD7Y.mp4,13
train/TsjS6DVRI4U.mp4,13
train/OsvNgF79YhY.mp4,13
train/GutkQA17dFA.mp4,13
train/AUchCOF5pg8.mp4,13
train/UoMGKmuqc54.mp4,13
train/2tkUTtleTUU.mp4,13
train/PcWthSBrhK0.mp4,13
train/rKr4MWNOamU.mp4,13
train/-eFnoYWIA28.mp4,13
train/bhknZSoFv-I.mp4,14
train/ZHl2Dt0_enI.mp4,14
train/6PUcoTG_Mqw.mp4,14
train/HWYN9VX_cCI.mp4,14
train/atXrV5DRnZo.mp4,14
train/VqBN_wLIKcc.mp4,14
train/SYcOUpP_2p0.mp4,14
train/TzNherAl2F4.mp4,14
train/OynHMlggaZ4.mp4,14
train/fM1ey9Z7Ub0.mp4,14
train/9N5DWeiVwTw.mp4,14
train/v378TM90Hq0.mp4,14
train/3t-HJQYmUms.mp4,14
train/PS2xOI4RXxg.mp4,14
train/rzOPZTFd7to.mp4,14
train/-WOtkQJlVwo.mp4,14
train/Bpb99uQ9C9g.mp4,15
train/zBLUeLrqP_k.mp4,15
train/5re3XpVtcE4.mp4,15
train/IXRNogimBIg.mp4,15
train/ANN7yozoric.mp4,15
train/VvJ8qUAydFw.mp4,15
train/sWcDlHE8-0k.mp4,15
train/uCjGii5zXxk.mp4,15
train/oZCwWRtz_lE.mp4,15
train/gS5BBdpYRJs.mp4,15
train/8DJC2d0E_-8.mp4,15
train/v48XdcCPUwM.mp4,15
train/1ZsBQGMbIgc.mp4,15
train/PldlIuZ4yk8.mp4,15
train/rXn4UsGjIgc.mp4,15
train/-HQYQtBB57w.mp4,15
train/Bp0Y-LdVED8.mp4,16
train/yUsRkAk48Es.mp4,16
train/56Mto7lVv6I.mp4,16
train/I7kSB7CGm18.mp4,16
train/aXlfkX6whKo.mp4,16
train/VBxgVHkjJ_o.mp4,16
train/sWn9JWezUAM.mp4,16
train/TVWkcorcCbg.mp4,16
train/pCJmOGAxvgs.mp4,16
train/FPuq2qYv9GM.mp4,16
train/8tOE3JGe7fk.mp4,16
train/uXUUSucRKiM.mp4,16
train/2LEI8fJKkCo.mp4,16
train/PSTi_i8YLss.mp4,16
train/rUGMPbXQabw.mp4,16
train/-fOPck1xRFk.mp4,16
train/clNkjVnHhmw.mp4,17
train/YPss01nTixs.mp4,17
train/6JgzIi-DsHk.mp4,17
train/iIp77Wh6K70.mp4,17
train/BNO9tEOhK0c.mp4,17
train/UnvtKd6zQqA.mp4,17
train/Sog86Bb8NNU.mp4,17
train/tc2XZzT9uwM.mp4,17
train/Oxi84kol8ko.mp4,17
train/gAU_s8jJcYs.mp4,17
train/A8y4ChhIQa0.mp4,17
train/UBtEHrWWs30.mp4,17
train/2eBqLh-rrXU.mp4,17
train/pld4RnBzSJY.mp4,17
train/RGno7Riz8r4.mp4,17
train/-ah6AVgpqBE.mp4,17
train/bueXqZWgNIE.mp4,18
train/Z5dvWi0Yz9Y.mp4,18
train/5UmAUXEPLfk.mp4,18
train/HUOd5t2oA1g.mp4,18
train/aXz2A2ata_s.mp4,18
train/V3NvrbutI3I.mp4,18
train/S0GwldxRHI0.mp4,18
train/tEmEhsfYEs0.mp4,18
train/okdkR1qlrwE.mp4,18
train/FvG-_5DbI_o.mp4,18
train/9-NT6HkWaXM.mp4,18
train/UhtCi434e_4.mp4,18
train/35QqEr2eIXQ.mp4,18
train/oRoZUTtPQ_8.mp4,18
train/rgzd3pthTB4.mp4,18
train/_UDhpenl8Fk.mp4,18
train/boKr5zuD0S4.mp4,19
train/XQ8U8g5x9J4.mp4,19
train/5SSYzseVe1Q.mp4,19
train/hHrdUX5WKqQ.mp4,19
train/aTqul8IJCVA.mp4,19
train/uHgbn1P6hIg.mp4,19
train/SLgFxRYwDRg.mp4,19
train/tn7cXP-t5zw.mp4,19
train/P9a-NxN--b4.mp4,19
train/fALCxngzzCE.mp4,19
train/95tjA-9jOb0.mp4,19
train/uaIaaU8tLro.mp4,19
train/1XQ_usw18XQ.mp4,19
train/pro15DX9FOA.mp4,19
train/rSJ76KLftTw.mp4,19
train/_la7CkZMB0Y.mp4,19
train/bRA0q5kWYUw.mp4,20
train/yAuCe6k0wvE.mp4,20
train/5sx5A7ULxYU.mp4,20
train/iihh2-gFCd0.mp4,20
train/aZoQvQy-uCY.mp4,20
train/uEHpO27_19M.mp4,20
train/SCWVUwtRdYw.mp4,20
train/SY0oOZNcCeE.mp4,20
train/OcgkY_iVbfA.mp4,20
train/gFCsq_7Awes.mp4,20
train/8xakibdnh48.mp4,20
train/tvJMAlaLtj0.mp4,20
train/1opSQZ12-24.mp4,20
train/OTqhM-2AgZk.mp4,20
train/r19u-UPWK3k.mp4,20
train/_LQ-2JH5I4U.mp4,20
train/DLSodiEStwQ.mp4,21
train/X_xMS95ApSE.mp4,21
train/5wxrlN0fcTc.mp4,21
train/J3GQCgWhU3w.mp4,21
train/C4Fg8ILWfk4.mp4,21
train/u6j8Y_dOFrc.mp4,21
train/rX08-VQg-MI.mp4,21
train/SSqhAx1vPaw.mp4,21
train/omkBqu7md5I.mp4,21
train/HAyT_LCJtcw.mp4,21
train/AUNnRL-qsUE.mp4,21
train/TuGfnm8CG8Q.mp4,21
train/2lD7hjSsruY.mp4,21
train/P3JFksuVKXY.mp4,21
train/RhBsj7h08UA.mp4,21
train/_HR1_m-UXbc.mp4,21
train/bL3wmGicnvs.mp4,22
train/XVCioeocqC8.mp4,22
train/5irFvnWSRj0.mp4,22
train/hvYzjZ8x3uk.mp4,22
train/aF3snmPUP1M.mp4,22
train/uiAJmzIZ3Lo.mp4,22
train/RK-e59tROJM.mp4,22
train/t3LcwpR984w.mp4,22
train/oAOvLJ5TV0k.mp4,22
train/FGY8YSP2m3c.mp4,22
train/9-l3ChonJRw.mp4,22
train/TYswsIyGVLw.mp4,22
train/271IB7v1ud4.mp4,22
train/OMiPxTf0mnI.mp4,22
train/QSMWy1D3v7c.mp4,22
train/_-AmcKwQmPs.mp4,22
train/c7J2ZEpCEh8.mp4,23
train/Y9hk1ruQtp8.mp4,23
train/6GclRpk1_JY.mp4,23
train/HQowFGcoRC4.mp4,23
train/bOX0t2-tW1k.mp4,23
train/TG3bxTyg7W4.mp4,23
train/Rs65wvqIN_s.mp4,23
train/S5smbZJ-zGA.mp4,23
train/nzqvXkj7rzQ.mp4,23
train/FxtVAU6Hxaw.mp4,23
train/9JAzuI3OjWI.mp4,23
train/svawIoo2BG8.mp4,23
train/3WfY4Fxg49g.mp4,23
train/OJp3-x8NSy4.mp4,23
train/QsQGxuK_12w.mp4,23
train/_02yXRwychs.mp4,23
train/aWcgGJ9twUE.mp4,24
train/xXePEdP_CWI.mp4,24
train/5bICK99aMB0.mp4,24
train/ghyMDhTE0rQ.mp4,24
train/aARhl1bzI6A.mp4,24
train/rYvzMxHne7Y.mp4,24
train/Pb57CfzeZpY.mp4,24
train/QqA8TFrYOyI.mp4,24
train/lsElPegI-b0.mp4,24
train/EQktle4zqqk.mp4,24
train/85Yu-1FHqFM.mp4,24
train/RtUuYJGopTk.mp4,24
train/2FQ5jTV6WTM.mp4,24
train/M8hfzMLecPo.mp4,24
train/ow8-3N9fTM0.mp4,24
train/zP8mUyEaVyQ.mp4,24
train/bfBPByyXeaI.mp4,25
train/X9YbEqkxd5Y.mp4,25
train/6dOPiN0QArc.mp4,25
train/h-3F9WUQcMk.mp4,25
train/aHIOpHnFL7w.mp4,25
train/t8tM1aXvuEw.mp4,25
train/QjMGIcsp1Rg.mp4,25
train/rNNjOEszLJg.mp4,25
train/NF3Dsn4dJbY.mp4,25
train/Exgx1eP62VI.mp4,25
train/8VrcEa34aK8.mp4,25
train/sPanFXPSusM.mp4,25
train/2Mds9_p3rhk.mp4,25
train/NujJqJUXSQY.mp4,25
train/pz_31DYen18.mp4,25
train/Zer5Ulsidyc.mp4,25
train/b7n63qQJzig.mp4,26
train/XnZ1yF3QFiE.mp4,26
train/5i-yJmP9PBk.mp4,26
train/H-Fox83UoeI.mp4,26
train/AHDHlg-uQfc.mp4,26
train/TjY60xwGx2w.mp4,26
train/rdDjoL_4XRo.mp4,26
train/sCjsSUDqT3M.mp4,26
train/n0lqxGodg_k.mp4,26
train/eUU3xgZ-phc.mp4,26
train/8KBH4YdsQUM.mp4,26
train/S_UrOriDLDI.mp4,26
train/2WRNdqfjHvU.mp4,26
train/NKBdERxL6j0.mp4,26
train/qiiEuXNdtq8.mp4,26
train/z8XrhkqIlHQ.mp4,26
train/bqz67PSNxj0.mp4,27
train/yw8H29HCaaA.mp4,27
train/6AmhtqdwCuI.mp4,27
train/HnhsY4-A4o8.mp4,27
train/aRhsPKOAXKo.mp4,27
train/wuv8Nl7tqV0.mp4,27
train/TZznb0TFSyc.mp4,27
train/UP3l7bV0vZ8.mp4,27
train/pZFrA8KMnZs.mp4,27
train/EUsslWZAv3c.mp4,27
train/9vMzcyfB1F8.mp4,27
train/wTekEuvA7Xk.mp4,27
train/3h-DxjKbZV4.mp4,27
train/QbsRJMTGXqU.mp4,27
train/SRQXIdaoUn8.mp4,27
train/ZRutCMlCXjk.mp4,27
train/bxJjMFRhRxQ.mp4,28
train/xiUlStsJy2s.mp4,28
train/6RH9hqHf6gA.mp4,28
train/IFaJ6R2MKHY.mp4,28
train/ba2LqEfeV0w.mp4,28
train/tq9Dqj2YiSk.mp4,28
train/RoV_74GYccQ.mp4,28
train/sM56pwKaf2U.mp4,28
train/O9bgE-vKiiE.mp4,28
train/FlwJlFvZYtI.mp4,28
train/9iQhmtcp_7c.mp4,28
train/TGc0eOWcjuU.mp4,28
train/2LPpn2c2034.mp4,28
train/oOcRl7NwFWY.mp4,28
train/qrOTX9jg170.mp4,28
train/zCzN72Bcrhc.mp4,28
train/BfbifR0WozI.mp4,29
train/x5tLNHuvf6s.mp4,29
train/6AXAqLou0zs.mp4,29
train/hOb3wBG52eQ.mp4,29
train/aPCeIyGP1kQ.mp4,29
train/tFUAYH9khNo.mp4,29
train/rIJJkXg6WYQ.mp4,29
train/slqr8Kf5HHc.mp4,29
train/OgTwUXERu44.mp4,29
train/EZyB-STqa7w.mp4,29
train/8Yk9pX92kQQ.mp4,29
train/tBZ3Ih-0o2w.mp4,29
train/2_cza-H062s.mp4,29
train/p7xl_LrgzYE.mp4,29
train/q_fGbhfyMS4.mp4,29
train/Z27v7AjU95g.mp4,29
train/BfRKBZ4WBIk.mp4,30
train/WS_b3LYYbGg.mp4,30
train/4sm_JIiM3WY.mp4,30
train/HHyThMBe038.mp4,30
train/AOg0i0rVmLM.mp4,30
train/T2Y5T_oC9RQ.mp4,30
train/rgsLlb8SrMc.mp4,30
train/s7BD0ssMtQc.mp4,30
train/O48_Dm5KuDM.mp4,30
train/F2ZI10Gwa2Y.mp4,30
train/8JOEkP2tVDg.mp4,30
train/sQ67YuB0UNc.mp4,30
train/1H9PCLxS5-s.mp4,30
train/Orf4wPHIBCA.mp4,30
train/QwOlZnKWqn8.mp4,30
train/YPl6LzY23GI.mp4,30
train/bBDhiqu42N0.mp4,31
train/Wr_OhbGax3o.mp4,31
train/55sgNqTqu0k.mp4,31
train/GHdnaJO4Up8.mp4,31
train/A7Hh5viYARY.mp4,31
train/ThjWlIorLnw.mp4,31
train/r-W5B4kDNbc.mp4,31
train/sdvQessqC7o.mp4,31
train/NUdPjKHR09g.mp4,31
train/eScXzMoDI5Y.mp4,31
train/7wMubUpETTE.mp4,31
train/sUZOvgLzqCM.mp4,31
train/1WI3YPFuvwg.mp4,31
train/OcbjmziVpDg.mp4,31
train/q9qI382kNMM.mp4,31
train/yRv9HJDV7JM.mp4,31
train/b3UF2nG7JjY.mp4,32
train/WFinajd477k.mp4,32
train/5_GFaPnL5mQ.mp4,32
train/HGCVqQ9mWkE.mp4,32
train/ad1fXKoNqLw.mp4,32
train/sn3iiuciKV4.mp4,32
train/qacIpf7iZ28.mp4,32
train/REgNaHDNxNo.mp4,32
train/N1rGYq7qy7k.mp4,32
train/f48rvmRn0uI.mp4,32
train/8fXwwStUTbo.mp4,32
train/S9mWWAOJgAE.mp4,32
train/2B7j-LdlMjA.mp4,32
train/njQp56puJZk.mp4,32
train/pluNH5Tfmag.mp4,32
train/YOhZ0P8Aq2o.mp4,32
train/boLELsTnilU.mp4,33
train/vVCA2NeNWtg.mp4,33
train/5kSi5sOuZgA.mp4,33
train/i24Kd3fT8Rc.mp4,33
train/aGtI6jbQfpQ.mp4,33
train/sKVNRIXnWC4.mp4,33
train/R1y9ub53YkE.mp4,33
train/RNmQqTky2eg.mp4,33
train/nWPTUA9tRl4.mp4,33
train/fcEZ_bvNPd0.mp4,33
train/8IWFVu7NtFE.mp4,33
train/sc_RFaW4mM4.mp4,33
train/255OCp4gM38.mp4,33
train/OlKFeMinFgs.mp4,33
train/qAfAWo0rtTg.mp4,33
train/YbP94Iblq1Q.mp4,33
train/B04QRnYuiV4.mp4,34
train/WOb4_SQ1ChQ.mp4,34
train/4MUMMoBZtUw.mp4,34
train/HT0wErnpwBE.mp4,34
train/aH5jaorce2Q.mp4,34
train/SyFmVLuOYbM.mp4,34
train/QYS_6Cse6JU.mp4,34
train/r_PP8zSTEIw.mp4,34
train/NyinNiYL1LI.mp4,34
train/e_iPABZzr4o.mp4,34
train/8DbSw0IEIWQ.mp4,34
train/sNT093c1_wc.mp4,34
train/1Hz8mzqWG7s.mp4,34
train/og0rnFg2jdE.mp4,34
train/qJ8HB4BOj8E.mp4,34
train/Y31wTsEOsL8.mp4,34
train/bXLxyM0jVdE.mp4,35
train/wMLTKB5K5OE.mp4,35
train/4kAZJ6QaZoc.mp4,35
train/HnpM_mFQ6X4.mp4,35
train/aUUIHKymR18.mp4,35
train/T9Vwt7wFvPk.mp4,35
train/rJ1xda4QCjA.mp4,35
train/sGZQyK5kZjI.mp4,35
train/_rt1URAVraI.mp4,35
train/nVPCkhAViow.mp4,35
train/FemdkZGZi64.mp4,35
train/8pK3Uz0ZooQ.mp4,35
train/SWcXL0cr2iw.mp4,35
train/1vuCbghkVXE.mp4,35
train/OHdvt2Z060c.mp4,35
train/QXvDb7RXpKU.mp4,35
train/BgEAB6DmEg0.mp4,36
train/WbcA5d1M8ok.mp4,36
train/5ut3SxhTOf0.mp4,36
train/HAHn_zB47ig.mp4,36
train/AQOG-LWHFq0.mp4,36
train/sw7-9ymPsLQ.mp4,36
train/QUjIrUuGACs.mp4,36
train/rU8s8fO1xLc.mp4,36
train/_C-_hAuU6mo.mp4,36
train/N4dOw20vxd0.mp4,36
train/f30dKan8V9U.mp4,36
train/8I8URSpWk-k.mp4,36
train/Sk-WB4DCSMg.mp4,36
train/2vyK0ONsPi4.mp4,36
train/NwicEWngNR0.mp4,36
train/prZquQALlIw.mp4,36
train/A8rPK1Ivl14.mp4,37
train/VOXCtLB5Ksk.mp4,37
train/3VYVe9b7fgM.mp4,37
train/GoYP7olMpI4.mp4,37
train/8pScDnELK8M.mp4,37
train/SeGdq-z4d5o.mp4,37
train/qGjbY-2HCMA.mp4,37
train/RgT0nx53Dy4.mp4,37
train/_55jyR0KL_o.mp4,37
train/N0Y1fmf7P-M.mp4,37
train/e3W0_87NofI.mp4,37
train/6ugwiC_bH9M.mp4,37
train/s40lmqVux4E.mp4,37
train/1f0uzBmXElA.mp4,37
train/Nv_-_UuBPQQ.mp4,37
train/PowkA9Bojlo.mp4,37
train/Bq3HXb8eV7o.mp4,38
train/wQeY9FcRTLY.mp4,38
train/6jbnp0PfwIM.mp4,38
train/hj2I33NwH1Y.mp4,38
train/axLGlfEPAlY.mp4,38
train/tgIl4Ielr8A.mp4,38
train/QzBWLEvrKe8.mp4,38
train/S2VRfKwynGc.mp4,38
train/_THZz9KA-DE.mp4,38
train/nivAKaxjJvs.mp4,38
train/fJX-qOUlpJ4.mp4,38
train/9K6a2SLRGGI.mp4,38
train/t5uCzawdiYQ.mp4,38
train/28hIME0Xf24.mp4,38
train/O0DD0oaBLeg.mp4,38
train/Q1DtoZkdshI.mp4,38
train/C3ztq0k84AY.mp4,39
train/WDthaBDYnxI.mp4,39
train/6M6e2nTFzDs.mp4,39
train/HnzsPWzmSB8.mp4,39
train/AyqaeJpZI20.mp4,39
train/sFXo5gC0IC4.mp4,39
train/qo4Xq895OyM.mp4,39
train/rFmmvWZKgdc.mp4,39
train/_bqayYvYZYw.mp4,39
train/nHCnrBsjPsg.mp4,39
train/fko2Z9AGCSM.mp4,39
train/8ZnOhp1BSIM.mp4,39
train/s2wzylQTgbU.mp4,39
train/2J7TJpiWjU4.mp4,39
train/NtsuO3jGRu0.mp4,39
train/pS3b-QPmTa4.mp4,39
train/bA0banGPDI4.mp4,40
train/VtHMnJ6BEe8.mp4,40
train/5GZr49wufTE.mp4,40
train/hOSJS8cr3MM.mp4,40
train/AdYOrTDZjy8.mp4,40
train/SHd_KUIthy4.mp4,40
train/QQQiPa6XabQ.mp4,40
train/rkn5fusiyww.mp4,40
train/_EZTGrACzww.mp4,40
train/NnAO_bpXRXE.mp4,40
train/fGj2sF5wWW8.mp4,40
train/8JXRt2SmYis.mp4,40
train/s8VP8_bI5c4.mp4,40
train/2O5u1fshNqY.mp4,40
train/nY4KGQjQ8tU.mp4,40
train/ptXJ3iYYtCY.mp4,40
train/Bd_ViHcDHRM.mp4,41
train/w79fPfgW87U.mp4,41
train/6pT8-3UlXQI.mp4,41
train/gzslTCs9EbE.mp4,41
train/AhBe48jnW7M.mp4,41
train/sAPzJaQmSKo.mp4,41
train/PwNzHxuOPtk.mp4,41
train/Rft2Kg8URbo.mp4,41
train/ZYsPR6c9TYo.mp4,41
train/mYYwDaFfLWU.mp4,41
train/eNq-jGrQuV0.mp4,41
train/94q9Dyex1F8.mp4,41
train/rWh7EozbtWk.mp4,41
train/399e0Yjy5RM.mp4,41
train/NC14aBcECdE.mp4,41
train/pCjwch2NxHs.mp4,41
train/bqG8PZRqiEk.mp4,42
train/w475KLrSn9U.mp4,42
train/5_5ycVyjYjk.mp4,42
train/hyluM1FwpTc.mp4,42
train/AQUT1Pq4ia0.mp4,42
train/s_thNoqRd6Q.mp4,42
train/QIQRVy6m8mk.mp4,42
train/rHQWSJO3W88.mp4,42
train/_g3pAAWdwXY.mp4,42
train/NKsa976DKNM.mp4,42
train/f5gqDK_8Vx4.mp4,42
train/9eXAaVjAvzQ.mp4,42
train/SPMIwU4HBA4.mp4,42
train/2AZPenlyFdw.mp4,42
train/nV_0zMKGudY.mp4,42
train/prWI-MFv2w4.mp4,42
train/AvGgM7Tq_iw.mp4,43
train/VnWnFkgVaIU.mp4,43
train/48zlPQ34TQM.mp4,43
train/gpfLlpXHBJ0.mp4,43
train/9XhtJJXsntE.mp4,43
train/Sd2pJIwuRMw.mp4,43
train/Q-y2iD9QkCE.mp4,43
train/RaVRdBGDQNM.mp4,43
train/ZbqLr3zaweM.mp4,43
train/LwE1D8NEO9I.mp4,43
train/E7p-GxiGGLs.mp4,43
train/7bTQ0fcvvKY.mp4,43
train/rXV3UPht6T4.mp4,43
train/1dgmi48YLwc.mp4,43
train/mLQyG3AFQVk.mp4,43
train/P920tvZQUm8.mp4,43
train/B8WlDPMJWRM.mp4,44
train/v-gCm0FZjK8.mp4,44
train/5x5egZZpZzY.mp4,44
train/FXsd-aJPs5Q.mp4,44
train/AgHShO2SGzE.mp4,44
train/R9Mjjt-SvEs.mp4,44
train/pAHp4XYsSk8.mp4,44
train/pZTuZnvPfcw.mp4,44
train/ZjcKqqpp3dU.mp4,44
train/LxlSxY5j2jI.mp4,44
train/DXELP0ali3o.mp4,44
train/8JY2A5_NQ34.mp4,44
train/QtkrvlvbV0U.mp4,44
train/3cxaGvdFYW8.mp4,44
train/Mh4YC9gLdL8.mp4,44
train/oDYHreALY6A.mp4,44
train/aMYGAeGms_k.mp4,45
train/vPVWH2JncAo.mp4,45
train/4UdzeL_FdgQ.mp4,45
train/hECQmuvjgFg.mp4,45
train/9vdSDvLUcjc.mp4,45
train/SHQT3AAk02U.mp4,45
train/qhHtqZa6xf0.mp4,45
train/RcZ-JZr9Bx8.mp4,45
train/zOVzGt9jUp0.mp4,45
train/nKoL2BG8OQc.mp4,45
train/fb8g2iLv53Q.mp4,45
train/8bAfS6aHM9k.mp4,45
train/SamFDRIisLQ.mp4,45
train/2BvI5wyu29w.mp4,45
train/nzouBCO33OM.mp4,45
train/pNodph1LorE.mp4,45
train/APn9xRBAkIY.mp4,46
train/VHO_4g0oTNI.mp4,46
train/4KglIXqfTng.mp4,46
train/gbvY3gyrmKY.mp4,46
train/9oN9bm7Smpo.mp4,46
train/r42OL42Dao4.mp4,46
train/PAlleJH1JMw.mp4,46
train/pY_ePKs3xrc.mp4,46
train/ZoW_UDDywGQ.mp4,46
train/LvGL4lpukTo.mp4,46
train/ebWMqg9Dq2g.mp4,46
train/7TtymqkOuig.mp4,46
train/qSFpYDsJsAg.mp4,46
train/1C4SkwtFef0.mp4,46
train/mk5i9BlHKA8.mp4,46
train/OKl7FCOnU5E.mp4,46
train/aoKPJRIPIpY.mp4,47
train/Vjv1T64x0LI.mp4,47
train/4glk3mcrNNE.mp4,47
train/gr2i-Bg6NHU.mp4,47
train/9GeXl5qYuug.mp4,47
train/S2NEzePjkSc.mp4,47
train/q87WB3oGHZY.mp4,47
train/r1XrmQyWJoE.mp4,47
train/zmOw-ecUIGY.mp4,47
train/MIu8Eud17E0.mp4,47
train/ENlhHkEeAqo.mp4,47
train/7FHTU_0umnM.mp4,47
train/RQDmZ3vW06M.mp4,47
train/1DTOagJSdpo.mp4,47
train/mWczmEM2kmo.mp4,47
train/pEld86jZu6E.mp4,47
train/BMBvoathERg.mp4,48
train/Vv3XZ1WBRO4.mp4,48
train/6qiNXJEnX1k.mp4,48
train/hMdrAX70sFM.mp4,48
train/Awq0JUswbf0.mp4,48
train/SvPoYNQU_ZA.mp4,48
train/rcenXPQMRCQ.mp4,48
train/sB79okiCbWg.mp4,48
train/zNAQ5YwR8wo.mp4,48
train/no1EjvD2TrU.mp4,48
train/FJfJcFTwbcc.mp4,48
train/9JJRIpsUxhk.mp4,48
train/SNHNyKzRmTQ.mp4,48
train/1uO2JuvKRWA.mp4,48
train/Oa0aPF-n4UM.mp4,48
train/qdSFzUQEaOY.mp4,48
train/BC7NE66kZr0.mp4,49
train/VhBjvsAcZ_Y.mp4,49
train/614O_CngZto.mp4,49
train/gx3XUaMtA60.mp4,49
train/AM3vF3Yt2es.mp4,49
train/rtaFzSXRcyU.mp4,49
train/q-S0pBZDhZU.mp4,49
train/qv9_8aManH8.mp4,49
train/ZIf6L5FgtLA.mp4,49
train/N-uHXZ9PoEk.mp4,49
train/ErH44hlnT0k.mp4,49
train/9BHAKoH06v0.mp4,49
train/RjlyiwCwplo.mp4,49
train/2dRSJcaJIXw.mp4,49
train/nID-CT5NUBI.mp4,49
train/PhgXkkwZJZc.mp4,49
train/B6_ZAqK0RvY.mp4,50
train/VkZGs41_YuM.mp4,50
train/5i_aQPG-1nc.mp4,50
train/GlbyEF3VJjc.mp4,50
train/aCnTeHnen8w.mp4,50
train/RmEYJGnGoic.mp4,50
train/pmbHW4rA8Ok.mp4,50
train/QI3zCV9FEd4.mp4,50
train/yZQDJoTNfSM.mp4,50
train/MR1cRd0ISfU.mp4,50
train/edtEeoNXy_U.mp4,50
train/8GwDALrJunI.mp4,50
train/R4NPF2eRHl4.mp4,50
train/1ZOBR74E7Uo.mp4,50
train/N6-sj6cVJXY.mp4,50
train/oToWj2qQ6w0.mp4,50
train/aJ1RpsnrN6o.mp4,51
train/unkaZ_CDasA.mp4,51
train/5H2e2srNv9Y.mp4,51
train/gBuH2vD7moc.mp4,51
train/8QwItnw5Wf8.mp4,51
train/ro1RR6GQJuU.mp4,51
train/pMual5dNUMs.mp4,51
train/QXQB7y88oSw.mp4,51
train/y_Z3RhnhWTw.mp4,51
train/M2CYOXwwkeM.mp4,51
train/EBMwkAVuKks.mp4,51
train/747uIiQxTzo.mp4,51
train/RG_pVr3kR-0.mp4,51
train/1elitRm1sK4.mp4,51
train/mJSg6EINMfY.mp4,51
train/oJ71paSBqJk.mp4,51
train/BZWr_ztSPIA.mp4,52
train/VhYoT_Fq5V8.mp4,52
train/5Yoon88bVaU.mp4,52
train/gVIAPjkwrVQ.mp4,52
train/B3pLLvFbOIg.mp4,52
train/RyVPFOGnHiY.mp4,52
train/Pt2SKpm1O-c.mp4,52
train/R3AyHO6GKho.mp4,52
train/YXGH9s2U0W0.mp4,52
train/Mznn2Ax1nyw.mp4,52
train/EPpJJNsaYkI.mp4,52
train/9VRNSHQmni8.mp4,52
train/RtacejCT60c.mp4,52
train/1kaB5q6dry0.mp4,52
train/NI0KhuAzpOA.mp4,52
train/pcIRafNtm9g.mp4,52
train/bL0H40hOozI.mp4,53
train/v9dNztIVM60.mp4,53
train/65ic1nI-BCA.mp4,53
train/GsToytwDqTM.mp4,53
train/AIuIiq0hBb0.mp4,53
train/rwHx1zpxqpo.mp4,53
train/Pu7vjWd_q-A.mp4,53
train/qrVzzz8U-g4.mp4,53
train/YtK6rIdQgQ4.mp4,53
train/Mrq4fiS81PQ.mp4,53
train/el6YkACOfK4.mp4,53
train/9G1Y085PfIM.mp4,53
train/RHcCktMdUek.mp4,53
train/2K0T_s36MwQ.mp4,53
train/NDHyVIGlDrA.mp4,53
train/P6ZqwhB82zw.mp4,53
train/aY0XVadCsJk.mp4,54
train/VOzK_Dj2NHI.mp4,54
train/5KeLWwSeX3E.mp4,54
train/h2cQqdzX2ao.mp4,54
train/afCwlc1bl5E.mp4,54
train/sEsWWK7Tng0.mp4,54
train/QnZIrcgoCz0.mp4,54
train/RhY4nXyuCIs.mp4,54
train/Zdr2HS2lBqE.mp4,54
train/mNyAZSPzHKM.mp4,54
train/F1dWM-gp-aM.mp4,54
train/8i21lGOvzCs.mp4,54
train/rxTxhrpvst0.mp4,54
train/1wTqdWL7gWw.mp4,54
train/mYNyfF-6vHI.mp4,54
train/Pnh91iQg0XU.mp4,54
train/aVGbbZZnRqc.mp4,55
train/VEDBMkftgyU.mp4,55
train/4svXQLQ60og.mp4,55
train/GG0HtvyMwSg.mp4,55
train/A56Hq20IRmU.mp4,55
train/rRtfw5ILOms.mp4,55
train/pYhu1_1HAA4.mp4,55
train/QW6lV8wvn4k.mp4,55
train/Z5mQjUJnfY0.mp4,55
train/ltoeikYSp1g.mp4,55
train/dz2xEMpt_C8.mp4,55
train/7XSizyglbpI.mp4,55
train/RbKVIAS687g.mp4,55
train/1a0DKlNmNHQ.mp4,55
train/mFLciZVwFKY.mp4,55
train/OvhHjh1T6Io.mp4,55
train/b8CfshOY0Eg.mp4,56
train/vk3AQ8cf0O8.mp4,56
train/5oX91BLCKh0.mp4,56
train/Fx6aJcwFgLA.mp4,56
train/aeZZjvnVuLI.mp4,56
train/RMBHPRTigQA.mp4,56
train/PGuikwSyR1Q.mp4,56
train/QHOBqzmiktk.mp4,56
train/ySusoQBD0pk.mp4,56
train/M7bQQq1Fnvc.mp4,56
train/e25x1te4XSQ.mp4,56
train/8uLThg49KcA.mp4,56
train/r6ctbuk4ePQ.mp4,56
train/1WOies49wDc.mp4,56
train/Ml3i6x8ANC8.mp4,56
train/OIY9fxUcBjk.mp4,56
train/aZXbSNAzwVo.mp4,57
train/uw_087NjdxI.mp4,57
train/4zgESha4BpE.mp4,57
train/go1kMKyE7yk.mp4,57
train/aDBzSD2aVwc.mp4,57
train/rIEusZLyCv4.mp4,57
train/P1gx5OFbwA0.mp4,57
train/qfUiRDHB7aI.mp4,57
train/ypdF-KgwphI.mp4,57
train/lQaoFV-8QvE.mp4,57
train/EI6J2CmXfNo.mp4,57
train/8HE1ZFrVVsw.mp4,57
train/QZKGAvRcdbQ.mp4,57
train/24kfsaZZWtw.mp4,57
train/M21KkFkaI9o.mp4,57
train/o889z2iu198.mp4,57
train/8_0eJEvt9h4.mp4,58
train/UH57hHfYJ8w.mp4,58
train/3NQ4tPI4yJk.mp4,58
train/fcVYeEuv9JY.mp4,58
train/7IPD92eVYAw.mp4,58
train/qYTd1EBJuH4.mp4,58
train/PCNmSYnl8es.mp4,58
train/QBdRWehCeW8.mp4,58
train/yw5g11OIpJ4.mp4,58
train/lJtRB0gPEuc.mp4,58
train/DACn-UvfNys.mp4,58
train/5_HyfPGRO2I.mp4,58
train/qqlpAxaeZtg.mp4,58
train/1DOUbuddRKo.mp4,58
train/MA22OaBtdPU.mp4,58
train/OFp7_PksXog.mp4,58
train/axAwg3ARI0c.mp4,59
train/uTOPPEf4kXg.mp4,59
train/53KUUh4p8SQ.mp4,59
train/g8p88d3vJEg.mp4,59
train/9ziPxN_aL6U.mp4,59
train/RM9T_yYjU1s.mp4,59
train/p5NHXVmKUgI.mp4,59
train/Qavp1ynwcMA.mp4,59
train/ykoNiJsjyzA.mp4,59
train/m4dd5dfjlqk.mp4,59
train/E2lKTMuOPuc.mp4,59
train/7zB5MD8ObsU.mp4,59
train/rcg4Lw0oqGw.mp4,59
train/20yYUvfgcAk.mp4,59
train/mIDOjzf-TSA.mp4,59
train/oIhgRwUvxs4.mp4,59
train/aSQpqWtIcbE.mp4,60
train/uYeKZbzENcw.mp4,60
train/4VXL_EYZs8M.mp4,60
train/GAYn0nTfeeI.mp4,60
train/A09iMFAK1uI.mp4,60
train/rciip0I_EcM.mp4,60
train/PcC2yLdxxHo.mp4,60
train/qFul1tyquX8.mp4,60
train/YZnnd4VO2c0.mp4,60
train/lEzSH3-Yt7g.mp4,60
train/EeEmbQRpdn8.mp4,60
train/7mSTbxDDL9M.mp4,60
train/QztEf6SI4WA.mp4,60
train/1gT9ZlTljds.mp4,60
train/LZ7ofNc4Db4.mp4,60
train/oIKA9vktf9c.mp4,60
train/BdtbF5fU49E.mp4,61
train/uwhTAYEeZiw.mp4,61
train/6gXB2suQrPo.mp4,61
train/GM0uCb3u9l0.mp4,61
train/aJLfbZOIVVE.mp4,61
train/Rm1kCNTbuWE.mp4,61
train/pIT9MmtRy3A.mp4,61
train/qc_qvMl4Vpg.mp4,61
train/yOB4zbjgBmM.mp4,61
train/L_4bPN361UQ.mp4,61
train/esoWCQAjk9Q.mp4,61
train/9OavKqAd0Pg.mp4,61
train/R10uKbIdkmE.mp4,61
train/3-Sp_d3cnSs.mp4,61
train/mo-8QoucQ-E.mp4,61
train/ordKzYTzSgY.mp4,61
train/AXwZYKneWJ8.mp4,62
train/uQk0j6EwFPQ.mp4,62
train/5j68KjyJClw.mp4,62
train/GGKjMBhLGko.mp4,62
train/aADVnli0NpY.mp4,62
train/rDbYGwFTjq0.mp4,62
train/pGDybp1-ldo.mp4,62
train/qi2G5x3P4Ok.mp4,62
train/XM2bshMszKg.mp4,62
train/lwDAoB6Gqy0.mp4,62
train/EQ3j_gMluKc.mp4,62
train/83W2VcZ5X2Y.mp4,62
train/r32BlHqb5DU.mp4,62
train/28mhbQ9uGj0.mp4,62
train/mip8b-51Po4.mp4,62
train/oLUcd3Ywyxk.mp4,62
train/b1PeQ5Y-gm0.mp4,63
train/TMPDtBC8slo.mp4,63
train/5UxGLFJsinY.mp4,63
train/fXKQENVpr8c.mp4,63
train/Ak7nJ-OTlTI.mp4,63
train/PZWwo632EWQ.mp4,63
train/o8BiF4x2q-Q.mp4,63
train/oZsui3JPZk0.mp4,63
train/XQFF4_A7fW0.mp4,63
train/kYR5fN0JVFQ.mp4,63
train/e0NQUhnKU4U.mp4,63
train/982BiYve33Y.mp4,63
train/PS4CPZTvBaU.mp4,63
train/1YNAKLrXz4Y.mp4,63
train/LFBjMlz2TSc.mp4,63
train/Nmiu4xOSYx4.mp4,63
train/aZD2qUvg0pQ.mp4,64
train/t592NaoL5VA.mp4,64
train/6pTwbm5Cyh8.mp4,64
train/FlZaBjd2-2I.mp4,64
train/aJEPd5L1RkY.mp4,64
train/pw_1UtzlfZQ.mp4,64
train/nxyK-FzMt3Q.mp4,64
train/oVDMiiHUCeo.mp4,64
train/xjSBkPirm_Q.mp4,64
train/KXQ1ZBVHHmM.mp4,64
train/DXKzA68hUbI.mp4,64
train/98ib3SGis00.mp4,64
train/PmY8upgpmJE.mp4,64
train/1ukhGjYkbRw.mp4,64
train/LiGKYoHdMKY.mp4,64
train/nBqR3uKtb_E.mp4,64
train/AfWbWKW-WQk.mp4,65
train/TQH8_TYbo10.mp4,65
train/59UILrAtQuo.mp4,65
train/Fy-Eu61fYL8.mp4,65
train/9oupNzep9yY.mp4,65
train/qMVu3u6Yccw.mp4,65
train/OSaP0HsK1AM.mp4,65
train/pOVrvabHBI8.mp4,65
train/xnKzBO1yr_g.mp4,65
train/ma5V79URf0Y.mp4,65
train/dsAfbgcYjhk.mp4,65
train/7TYDyd-wpyY.mp4,65
train/qdyOedb4sVQ.mp4,65
train/2nebIx6-9xc.mp4,65
train/MMwcpKL2H8U.mp4,65
train/O8oVoWOT284.mp4,65
train/ave_VDl3LwE.mp4,66
train/TsrovaymI8U.mp4,66
train/6hsOVkC7hxA.mp4,66
train/fUR_5VMVtIQ.mp4,66
train/AeGkZHHQ7zI.mp4,66
train/QR8GDcRL6RU.mp4,66
train/oZl3SNsD53A.mp4,66
train/PR_-Cbzenh8.mp4,66
train/X7qkZvf6jyE.mp4,66
train/lObPDjdsnqs.mp4,66
train/E6n88K37tJk.mp4,66
train/8wa5RgEnuhc.mp4,66
train/QJuukJMd01Q.mp4,66
train/1K0pHk7NcNI.mp4,66
train/MA2EXsZBoJg.mp4,66
train/OCKxUdJSKw8.mp4,66
train/azmTLjWNN3g.mp4,67
train/tqTkn3j20jQ.mp4,67
train/5TtfHHxz_8k.mp4,67
train/gAa2FEWtcyc.mp4,67
train/AhK5JSgZsf8.mp4,67
train/qot_EoFxSxk.mp4,67
train/Ol2rfUv3zHI.mp4,67
train/Ppfq1_wcoHM.mp4,67
train/XE59kMt-DyY.mp4,67
train/lNu4EfAv3DE.mp4,67
train/e96ZRn-mu2E.mp4,67
train/8bWQrrZyFVA.mp4,67
train/QbI_OQ0nlYY.mp4,67
train/1KIkAsoH5HY.mp4,67
train/M60hxDcJO10.mp4,67
train/NU3jhS29Odg.mp4,67
train/9WwFrzw4rsE.mp4,68
train/tBHKUtxgDr8.mp4,68
train/4F--Ka-cxfQ.mp4,68
train/FRAmJ75AeS0.mp4,68
train/8XzbWgHEnts.mp4,68
train/q6hklSY8jF4.mp4,68
train/nvDC-MoH5zc.mp4,68
train/p9dkcRj0LIY.mp4,68
train/Wfr2E30yOZE.mp4,68
train/Ldc5_pZa_kk.mp4,68
train/DhHaJ3M0lY0.mp4,68
train/75ENZjBxV8c.mp4,68
train/pYbMH1FyioM.mp4,68
train/1Mn8ZTte3kU.mp4,68
train/lJXwVX52ZuI.mp4,68
train/n6MQH9A9jMs.mp4,68
train/9xg_z7VZD7A.mp4,69
train/SZR-0HmpEh8.mp4,69
train/3PBIxPmZm2s.mp4,69
train/fbsR_ZrrdQM.mp4,69
train/8j4bFHA8nuQ.mp4,69
train/qGkNDgp0PO8.mp4,69
train/OQ7ZtqZLg8Q.mp4,69
train/PfpUVXdixbE.mp4,69
train/wT-usqe8-fk.mp4,69
train/LaKHxALoVjg.mp4,69
train/DfMS-RNu0HE.mp4,69
train/6JwaGgwW1M8.mp4,69
train/Q-a_e2Tt9RQ.mp4,69
train/18DpXhELiOg.mp4,69
train/lUUDz7f_9mw.mp4,69
train/nQNemGQh0pU.mp4,69
train/ArYwmYN93eo.mp4,70
train/TN3dTOUfcSI.mp4,70
train/5hkdLcZhZ_s.mp4,70
train/fRawRQeiX78.mp4,70
train/9yRpie4Vpxg.mp4,70
train/qwj8y6pg-Qk.mp4,70
train/PExn57j5jzU.mp4,70
train/Qb7Sv4HEI_E.mp4,70
train/xiAKoh2zmBs.mp4,70
train/L9_HW7CRzj4.mp4,70
train/DxzOaZD1HWE.mp4,70
train/8depgjpLFlM.mp4,70
train/Qpgx2sz5c8s.mp4,70
train/1OjH9OkvSYc.mp4,70
train/llegaEICimU.mp4,70
train/OLDm2slgfA4.mp4,70
train/Ao6-E2_KaHo.mp4,71
train/tOnKN75WIwc.mp4,71
train/53b5J4Djnc4.mp4,71
train/fq1yNBJ-eaA.mp4,71
train/AAJVwwenh74.mp4,71
train/QBG2oJMAayY.mp4,71
train/OJYKv5nb-70.mp4,71
train/PbonqHJfzmE.mp4,71
train/XEIDZAAGfxY.mp4,71
train/lPWtnFpOgCc.mp4,71
train/DTcFZyt1WCU.mp4,71
train/83n5jTj3sTk.mp4,71
train/PXLoTUG8yI4.mp4,71
train/29dg3fPKTws.mp4,71
train/M5-I-nedgiQ.mp4,71
train/NuJZwCRr7zQ.mp4,71
train/AOAz1d15v9E.mp4,72
train/tNHMT-GtauA.mp4,72
train/5PPF4OVlZQs.mp4,72
train/gTaoa80LOC0.mp4,72
train/a9jG8rejhvY.mp4,72
train/QKsLawQO1e4.mp4,72
train/OW_NSVO6pb4.mp4,72
train/pqhujapyxcw.mp4,72
train/x6AD__mp9_k.mp4,72
train/mE8br_e3X_Q.mp4,72
train/EnpiA05Ce4Y.mp4,72
train/8DNVUtoZazw.mp4,72
train/qBb18WitGwU.mp4,72
train/2u1gdf_53C0.mp4,72
train/MvTaHp_732U.mp4,72
train/OfQRZm7Id1c.mp4,72
train/AyV6ciQuAOE.mp4,73
train/tSGDhMjim_Q.mp4,73
train/4YtLgYuvyOY.mp4,73
train/GT3AXdD3jHo.mp4,73
train/AB9-HCRRvEs.mp4,73
train/QNmrqIrWX8E.mp4,73
train/P1Jv-wx0K3M.mp4,73
train/PVFocPAWCng.mp4,73
train/xKJ_KuOK0Io.mp4,73
train/LtvGJ4DpkB0.mp4,73
train/eKJ2C-QIM20.mp4,73
train/7Fwt6EwG3Ok.mp4,73
train/qfsdpllgt50.mp4,73
train/1mAvfWspn3E.mp4,73
train/mdCa5v8oA08.mp4,73
train/O4HG3GI1No8.mp4,73
train/9HUbkryFPaM.mp4,74
train/U1yBoxQMS4s.mp4,74
train/4EnrQxswWDs.mp4,74
train/FDDyLPi7rM0.mp4,74
train/8b1Z5fBDHds.mp4,74
train/pyxBqXduPYg.mp4,74
train/O6kUInG4ztY.mp4,74
train/P3OuRbG3beg.mp4,74
train/xMwmdLEGaG8.mp4,74
train/kQsZByJnXqk.mp4,74
train/CX3-wDV8BdE.mp4,74
train/6G5RK7SA4n8.mp4,74
train/Pq5RDoUDlEw.mp4,74
train/2At4i9bTVvM.mp4,74
train/LcW5ucOmpxM.mp4,74
train/Nc-TGuhs24E.mp4,74
train/AY0j146fcEk.mp4,75
train/U6v3z-upHTQ.mp4,75
train/5FtBySyHEJY.mp4,75
train/GkwCl3c755Q.mp4,75
train/A8Y_XbDKSPs.mp4,75
train/QFkxu0dESFc.mp4,75
train/oCWbWnm08B4.mp4,75
train/PbAsq461LdA.mp4,75
train/XLDUYVTXTw4.mp4,75
train/L3oRYLgQ70I.mp4,75
train/EGeyEdIpTsc.mp4,75
train/8BG85iu7A8c.mp4,75
train/q1r6l2Ay3j0.mp4,75
train/1mMKNuF4Es0.mp4,75
train/lmbxPzHPxl0.mp4,75
train/Nj_OgwSZDRo.mp4,75
train/ALqZpLyQHLQ.mp4,76
train/TEW7tntHEQw.mp4,76
train/4ct0DDl14-s.mp4,76
train/Fyxkz3LgroA.mp4,76
train/9leYBIfH2fI.mp4,76
train/q7k_u5wPi2A.mp4,76
train/O337REhcD1s.mp4,76
train/PaQd3_UmW2k.mp4,76
train/wX74Ft0yBNM.mp4,76
train/L3ldKW5foE8.mp4,76
train/dnlbGBNKIck.mp4,76
train/70-MVEiuq2M.mp4,76
train/pszzWDHVi0w.mp4,76
train/15AbzJGixZA.mp4,76
train/lkdct-DfePI.mp4,76
train/NEJlNUlbb5s.mp4,76
train/aCacl2cZNzU.mp4,77
train/szBYRprjvOE.mp4,77
train/50ZAclR5-PA.mp4,77
train/EOs2DTgTwwA.mp4,77
train/93UUtZHwolM.mp4,77
train/p6JgEo7xduM.mp4,77
train/nASesd_UeqM.mp4,77
train/o2v8XHhg1u0.mp4,77
train/WJeerU9E1Tc.mp4,77
train/KAAQSApWEKY.mp4,77
train/ctdxATacltc.mp4,77
train/7D0nUFUzqoI.mp4,77
train/oSIYbS9ztHQ.mp4,77
train/1PAJTXifH9A.mp4,77
train/kTJvNMXiijU.mp4,77
train/MO9RnNyeekc.mp4,77
train/APTB6FTzY5Q.mp4,78
train/SYEmVkpz1hs.mp4,78
train/5UgWD6L2Sr0.mp4,78
train/g-80I96EQtk.mp4,78
train/a7anjcLI3rg.mp4,78
train/Qa34MMRjjZ8.mp4,78
train/OEdKHddOO7M.mp4,78
train/pfZpFTHWpEI.mp4,78
train/x0RyRg5cVBk.mp4,78
train/k_kJj_A3xAU.mp4,78
train/EAnArLSEDWY.mp4,78
train/7ZvuoWDZLzs.mp4,78
train/Q-1DyLmKr8Q.mp4,78
train/2kRKUCVRjXE.mp4,78
train/lIfdSSuO_d4.mp4,78
train/NEs4_OY2fCU.mp4,78
train/avlyjozQB_4.mp4,79
train/TvLrTtYYeV8.mp4,79
train/58UqLGxi0mw.mp4,79
train/h0bc4vGFXhE.mp4,79
train/A61Ew8OyA_Q.mp4,79
train/QSJbh5xQukY.mp4,79
train/OyQa4DUAiUw.mp4,79
train/pq3m2bHsobg.mp4,79
train/wZ6_pFXWmaM.mp4,79
train/mKcYqxxeVes.mp4,79
train/F8qfsX_PuYQ.mp4,79
train/8N42M3bwuq0.mp4,79
train/qGZvwgnsLi4.mp4,79
train/2L7biV1djJc.mp4,79
train/MxMS6QPVU_U.mp4,79
train/OfzQewjyO6o.mp4,79
train/9pOYd_tTg-E.mp4,80
train/SuhRC6QsVYY.mp4,80
train/4oaRiFEhSZ0.mp4,80
train/EqTzoJGqwaI.mp4,80
train/8lKpKli2D_E.mp4,80
train/pYpqSPW11f8.mp4,80
train/NXe7gKasGuo.mp4,80
train/Oy1Ua2YAxCE.mp4,80
train/w1I-VyIZYcY.mp4,80
train/kckhFNEzrW0.mp4,80
train/cnjLN8Wu3As.mp4,80
train/7EYxFhVokNk.mp4,80
train/pjIwLySfPQI.mp4,80
train/1Em_7cYphZo.mp4,80
train/kQi8ZSUQuqk.mp4,80
train/mTd2Zgy_cH8.mp4,80
train/aBHUH9FVNcs.mp4,81
train/sQJD_Y5W2PI.mp4,81
train/44ucnvhR6h0.mp4,81
train/eRigAbw3bpk.mp4,81
train/8xmR48wQr8s.mp4,81
train/peCtNel8EQc.mp4,81
train/My6ceZhhTm8.mp4,81
train/odqCV7uHIXk.mp4,81
train/wIe2CES_XWc.mp4,81
train/jwi-RjizFMY.mp4,81
train/da2nOt2V_KE.mp4,81
train/7jZu9rK-idU.mp4,81
train/P7iQPIPveho.mp4,81
train/0z1B1_GDZUM.mp4,81
train/KbC6Sm9q3tQ.mp4,81
train/M6nnApk4jgQ.mp4,81
train/acXh7xzhJyM.mp4,82
train/sHboCc3rIF0.mp4,82
train/3XshECpu5ek.mp4,82
train/fwa6_AP19p4.mp4,82
train/9-hyEb26hwU.mp4,82
train/PPR5UHHSEJY.mp4,82
train/NbvfvpnISlo.mp4,82
train/oGosQL_gEBY.mp4,82
train/WoF5DPA6_MM.mp4,82
train/krE8qS1C7ro.mp4,82
train/dnv9RTFfvzU.mp4,82
train/6xI4X91kNgs.mp4,82
train/P72YEyBBvfE.mp4,82
train/15X-JbkRS_w.mp4,82
train/L3gsJtmdq5I.mp4,82
train/MK3YNLVwHXw.mp4,82
train/AsheXxSr9HM.mp4,83
train/sy9rOwDVvtM.mp4,83
train/5zaDvzTroUk.mp4,83
train/fXMb2nsZQ3g.mp4,83
train/A5Bvgi-KWTY.mp4,83
train/q7Tzn8JgX4A.mp4,83
train/ogQ304829xw.mp4,83
train/p76Bg8OT8LY.mp4,83
train/WiIGaQwJZMA.mp4,83
train/lDnjn23XniM.mp4,83
train/DywrLcphOGg.mp4,83
train/8PGRIyWPLmk.mp4,83
train/PxdSkuwYJ_Y.mp4,83
train/2bv4d3j33-E.mp4,83
train/LVK0WinXBKg.mp4,83
train/nydy29pn4co.mp4,83
train/aIlXryD5jLw.mp4,84
train/SYZxlA9OC54.mp4,84
train/4QTOcvGl1L4.mp4,84
train/fM0EkVZVwSI.mp4,84
train/9eeTCpAERXg.mp4,84
train/QdZ2iy7uYzM.mp4,84
train/nsbU8sLIz8k.mp4,84
train/oUTLNDzST4w.mp4,84
train/w6YyvRM-TcY.mp4,84
train/Kv3E54ussYk.mp4,84
train/DGfWjNluHLw.mp4,84
train/71pLgMS5vQM.mp4,84
train/pvBoDaRejk4.mp4,84
train/1pU-9lGh4_w.mp4,84
train/L8aPcEPu1lY.mp4,84
train/n9XjtlYeoEY.mp4,84
train/94OfgWQj8TE.mp4,85
train/RZfdHw5AyWo.mp4,85
train/3sClW8AUP08.mp4,85
train/Et-XYi340Mw.mp4,85
train/7zpGW41f06M.mp4,85
train/oW68xL80cIM.mp4,85
train/MT--KPTdU4s.mp4,85
train/o2ltzpODghA.mp4,85
train/VloTTm8VHF4.mp4,85
train/JoxKpWZKXfQ.mp4,85
train/cXc3_8cpl4g.mp4,85
train/6dtAzr6FkaA.mp4,85
train/oPfCs95oAcU.mp4,85
train/1AK5EBV_vbs.mp4,85
train/K674VY9BmUg.mp4,85
train/m6xQ-yR4Dpg.mp4,85
train/AKovxKz6vIQ.mp4,86
train/Syit8i62PYE.mp4,86
train/44-QEQODl7k.mp4,86
train/geEwqB6P2B0.mp4,86
train/9KDcLwclDi8.mp4,86
train/pyjbTmEATgM.mp4,86
train/_Uw5azl9Bwg.mp4,86
train/nvvTpl-jluw.mp4,86
train/oZdTwPk8Ixc.mp4,86
train/WDlrSVvg_Sc.mp4,86
train/lHqZVkQAPD8.mp4,86
train/dSmSA2Ny5N4.mp4,86
train/6rbSICq31G4.mp4,86
train/pS3dDqaNoPw.mp4,86
train/17EMC6XiBM0.mp4,86
train/LZ_FXWTnszQ.mp4,86
train/aRiOiAtL7Ho.mp4,87
train/U9qP4If3xIQ.mp4,87
train/5JhWMvptnv8.mp4,87
train/f9MN8IHGOug.mp4,87
train/aBFUcWQL2Ao.mp4,87
train/RtaYmXn5-Mc.mp4,87
train/_VdYnFxziuk.mp4,87
train/oxq87_O8CrY.mp4,87
train/QattU7X267U.mp4,87
train/XG4qbYHgsp0.mp4,87
train/JkvcClas0YU.mp4,87
train/cSUMtxXiCWA.mp4,87
train/9F0bu4UydKY.mp4,87
train/rF8VoQuz4tI.mp4,87
train/35jbJY7E78A.mp4,87
train/KbDJQSgcvCY.mp4,87
train/9V9He88-24E.mp4,88
train/rzCRoMnitjY.mp4,88
train/40GEo72s8ro.mp4,88
train/ez0Fw6WFHWs.mp4,88
train/8xgAEfio64U.mp4,88
train/OelJBF52P5g.mp4,88
train/_r2dq-52BpU.mp4,88
train/matnggVtkXs.mp4,88
train/ne4UpyWag3I.mp4,88
train/v8-hRw_pwtU.mp4,88
train/j1VnsT73XQY.mp4,88
train/db4B-hgauUw.mp4,88
train/6F_kjT3o6Q4.mp4,88
train/nwYQJSaPLA8.mp4,88
train/12nT-AHwIdM.mp4,88
train/JiW2LU9bdv4.mp4,88
train/9tkCMjL3Rf8.mp4,89
train/SkBIr-Jt298.mp4,89
train/_kgdmEa7mWg.mp4,89
train/3p2mBps36oc.mp4,89
train/F9PFixtkLLg.mp4,89
train/8VHA6CBMKd4.mp4,89
train/oyVT3jL4gjw.mp4,89
train/_FbkhDp_bEw.mp4,89
train/nFCgVxP1wKk.mp4,89
train/OCNlBFZH23c.mp4,89
train/ViwCC14O5lE.mp4,89
train/Jza5nNdPCqM.mp4,89
train/dj0AVSNW3fQ.mp4,89
train/6SvAkDaaViI.mp4,89
train/oRWyBS__b7A.mp4,89
train/1Hj08gDRaB4.mp4,89
train/Axjlhk0jo8U.mp4,90
train/S2EmBEcJ9k0.mp4,90
train/_RPa-_2eBD8.mp4,90
train/4l--TlI3k_E.mp4,90
train/fCuldmNYQWo.mp4,90
train/A7fvumwhdFk.mp4,90
train/oxyy0RLwpJo.mp4,90
train/_lSoKLY5WRY.mp4,90
train/nFOwrIBypVg.mp4,90
train/Ofwnw_3yt4E.mp4,90
train/Vtcp2B8WHMU.mp4,90
train/kOlEnYC60r0.mp4,90
train/DMghrfRBYsI.mp4,90
train/7mW0Al7wEdI.mp4,90
train/oT8afH9nmuo.mp4,90
train/1MPJSccFb2c.mp4,90
train/BLHjzmNWc0U.mp4,91
train/s_IRpFol4Lg.mp4,91
train/_VZmV5LuPm4.mp4,91
train/6lHp2NlEnKQ.mp4,91
train/GfhnbZvWcu4.mp4,91
train/aS9pCMX3QgQ.mp4,91
train/q1IolSwNFF0.mp4,91
train/_NRgrURUw5E.mp4,91
train/ogfdQwXvnpo.mp4,91
train/PfqhhFtM5Us.mp4,91
train/WaKcmcIpro8.mp4,91
train/LLAJjhP__m8.mp4,91
train/evaQ-cH1_dc.mp4,91
train/9NinP9lST1c.mp4,91
train/PTeac9Ft_Wk.mp4,91
train/2fF6KgXDfqQ.mp4,91
train/9Xb_NSG6cug.mp4,92
train/RVUE20gBx-4.mp4,92
train/_lJijw7PoL4.mp4,92
train/4DQBbWCqPEM.mp4,92
train/erz1Bmhct_0.mp4,92
train/8Hmk1Z0ttbc.mp4,92
train/olytsB2DkFk.mp4,92
train/_aitavXtr5M.mp4,92
train/mj3YsrH8__g.mp4,92
train/ns9eR-OPhAw.mp4,92
train/Utj0u7McgKc.mp4,92
train/JimT2G2jRd0.mp4,92
train/Cw4CzAY2zFQ.mp4,92
train/6vmhBF0oYZU.mp4,92
train/oeWPO6nD7dM.mp4,92
train/1XXp-qXyNJs.mp4,92
train/ag8XOk6vxQo.mp4,93
train/RZTYOf0mz7M.mp4,93
train/Z_b5Ojpc4bk.mp4,93
train/3WU8LVArMi0.mp4,93
train/FnA3-H7vqvE.mp4,93
train/9FX4tPJhHSs.mp4,93
train/P53R11gZtTg.mp4,93
train/zwvpsBZute0.mp4,93
train/NKollnqYIx4.mp4,93
train/OHzRM7gPL04.mp4,93
train/v8Rroahrgio.mp4,93
train/KPDk7ekPAG8.mp4,93
train/DVqKQV6EHnI.mp4,93
train/6BySBMC0DBM.mp4,93
train/Oxe8beZkZws.mp4,93
train/1ncfAzpVtPM.mp4,93
train/Advv9FHHLEs.mp4,94
train/RQ4XOQUcQlY.mp4,94
train/_08xCUmayOk.mp4,94
train/5tnuYKPatLM.mp4,94
train/etlLIChOfAg.mp4,94
train/9XgQ_iQwXZQ.mp4,94
train/Opq6rGDDm7A.mp4,94
train/ZxilmtGmI-U.mp4,94
train/nbY_gwTyg3o.mp4,94
train/Nw_g3g-SEbE.mp4,94
train/vAIWq9u7ZDo.mp4,94
train/K4JzKWNR6Kw.mp4,94
train/d2s1jZT8kJQ.mp4,94
train/7Zu_l6Z-m4w.mp4,94
train/oEEyXkFI7oc.mp4,94
train/2lsQcudLfR4.mp4,94
train/aIdpGDcPp6E.mp4,95
train/rhJ-7nJ7o0M.mp4,95
train/zSMk8kTyZnY.mp4,95
train/4mqRn1pDtgM.mp4,95
train/fDySQibvuUk.mp4,95
train/8sqGnuBYThs.mp4,95
train/Ou4ShUQPDwI.mp4,95
train/ZROWVVGmSaU.mp4,95
train/MY5xRnaYV00.mp4,95
train/NSONc0hAbKE.mp4,95
train/UCtyabBzaLg.mp4,95
train/k1-wvfRkGS8.mp4,95
train/djM7_2LhOrE.mp4,95
train/6xTH16Gvlz8.mp4,95
train/ONNC8AnnIlQ.mp4,95
train/1NGNiM6ELD0.mp4,95
train/aEZn58p4dq8.mp4,96
train/RAzmiwxaSMA.mp4,96
train/zJR1rDaxtQE.mp4,96
train/451EmNbGv5Q.mp4,96
train/EWcCIP2PDkk.mp4,96
train/92TRUn6c2Sw.mp4,96
train/orcF8QNkg9g.mp4,96
train/zgjp-Al29Rc.mp4,96
train/mosA0gwQTjs.mp4,96
train/NpnSpk8-jMQ.mp4,96
train/UvwTmKg-qkQ.mp4,96
train/JlUBlQOaaW4.mp4,96
train/d7EobbiVCKg.mp4,96
train/6piIq61F6hM.mp4,96
train/OkmNN8JZZ7o.mp4,96
train/1AHjYVZNxUY.mp4,96
train/akRJev_Ol2w.mp4,97
train/S5en7eywv4M.mp4,97
train/Zk_dphHhYXE.mp4,97
train/3xU4gidtdEA.mp4,97
train/FuuqDf6qcP8.mp4,97
train/8RMrsvtsexM.mp4,97
train/Or565Z_w5fc.mp4,97
train/zkkwhzR2M1E.mp4,97
train/MvdkED_C6v8.mp4,97
train/nq0DRoS-7HY.mp4,97
train/vbYxSnOFmsM.mp4,97
train/KerilVdAQm8.mp4,97
train/DFiQ7aCHQec.mp4,97
train/7LyyJAPn36I.mp4,97
train/olGMSAowyrA.mp4,97
train/0vS987B6gnE.mp4,97
train/9LoCewcXW3A.mp4,98
train/S2M5ejr3lfE.mp4,98
train/ZYU7USMnVHo.mp4,98
train/3fMIAiVBo9s.mp4,98
train/duiMJFu4dKw.mp4,98
train/80ppELO-M54.mp4,98
train/oWP6M4C8uE8.mp4,98
train/zSYehH3n0rk.mp4,98
train/N0Hj8WQDTlM.mp4,98
train/o4CZ__Cjtd0.mp4,98
train/VVt9dO-OhTw.mp4,98
train/JzVyaC9713c.mp4,98
train/caNzD952-b8.mp4,98
train/5Ulh7exE88E.mp4,98
train/OKCEi4RtCbY.mp4,98
train/15ZuYwz1H2c.mp4,98
train/7SOhYUFYbIk.mp4,99
train/qwf27-5gq0I.mp4,99
train/ZOqZxTo69Vs.mp4,99
train/2yyCTsCMs6A.mp4,99
train/DrttaPWHzms.mp4,99
train/6kxLRYV4ANU.mp4,99
train/O1WNNcC8CBI.mp4,99
train/zMCOvdiyrQo.mp4,99
train/mdosXg2cSiU.mp4,99
train/n3Yv4hOVY60.mp4,99
train/UnRs2gjW58s.mp4,99
train/jE_ii3r1XmI.mp4,99
train/bVMxBXeYMr0.mp4,99
train/5E3wprdwOcc.mp4,99
train/NSvTYSOwrS0.mp4,99
train/17wEUDv9Cd8.mp4,99
train/9Ju8sYCujC0.mp4,100
train/R-xV-rwMc-w.mp4,100
train/z7GFLDzTZrg.mp4,100
train/3Q4L5CW-irc.mp4,100
train/e8Ghe9_APPw.mp4,100
train/874lXOZ_Thk.mp4,100
train/OGFjme7eoaw.mp4,100
train/YzT26Ifo5NE.mp4,100
train/MICWtVGIpOw.mp4,100
train/Ndn5JLgq8CU.mp4,100
train/ulYkTGVHN7Q.mp4,100
train/JpiBtq9PU-M.mp4,100
train/_ZZswt6wHio.mp4,100
train/CrpnLbr-aH4.mp4,100
train/6bF2QLSRo5k.mp4,100
train/nzdtRgItvg4.mp4,100
train/9LDznozzzoQ.mp4,101
train/RqX0DzCTwFI.mp4,101
train/ZmBlqNacPCE.mp4,101
train/3jMBfFOUtWE.mp4,101
train/f-87__Mbbbw.mp4,101
train/8AAybyyj_MU.mp4,101
train/ORu99GBPh44.mp4,101
train/zLD1tKeY6Jk.mp4,101
train/MWDPlUS7tnw.mp4,101
train/NxttHzxgiRE.mp4,101
train/v95Z5WZJcmc.mp4,101
train/kEUk24tUH-c.mp4,101
train/_P-iEZ6Ds0s.mp4,101
train/DAxObFHHQBs.mp4,101
train/6eL-kY_ojDI.mp4,101
train/olykg1KFyVA.mp4,101
train/a9y_t2bfBUE.mp4,102
train/rtK1SwppEio.mp4,102
train/zjk9YonNyuY.mp4,102
train/3KEB0OH_krw.mp4,102
train/FayB7ZswnAw.mp4,102
train/8ohisLftwZ4.mp4,102
train/o19lLf-zeWs.mp4,102
train/ZglU-5hPdko.mp4,102
train/McvlkQYrOpo.mp4,102
train/Nc9fRYW02Lk.mp4,102
train/VIUtdw1Op4U.mp4,102
train/JQPmw5pdmYw.mp4,102
train/_J3V7dqjve0.mp4,102
train/dJYzMK3WtHc.mp4,102
train/6DuvETwqqMc.mp4,102
train/nteJtmIPFfk.mp4,102
train/9-5CaPzYOcU.mp4,103
train/Qv4_qXWC3Tw.mp4,103
train/zEAfc1q83t4.mp4,103
train/4-fU0IwZ3QU.mp4,103
train/eNvfnnCGpnU.mp4,103
train/7v6L4p0bNaE.mp4,103
train/NsDDEapOY7M.mp4,103
train/Z4SL9YGYm9M.mp4,103
train/LtFAU-M1nLE.mp4,103
train/MN8IabLUDzQ.mp4,103
train/U4XTHKsoaMo.mp4,103
train/J6RmbM2zuoc.mp4,103
train/_BHeXBjlc_U.mp4,103
train/cgVRmNBTJI4.mp4,103
train/62RV8VPLKYg.mp4,103
train/nK-CWbP7esA.mp4,103
train/9O91m-hixj8.mp4,104
train/rEjQeSNrO5I.mp4,104
train/yt7CjrHo6BQ.mp4,104
train/52sRaSChXUg.mp4,104
train/E3wb9SF-yAc.mp4,104
train/93G2K3bydlI.mp4,104
train/OBJZKRaQ5f0.mp4,104
train/ySNm8YmUJ5Y.mp4,104
train/ML37dkA5LZE.mp4,104
train/NgGEIJHhlhI.mp4,104
train/vDONNnUxXE4.mp4,104
train/jar3ulfgegQ.mp4,104
train/ZXmgAtE_hdA.mp4,104
train/CV9PkqF63Ws.mp4,104
train/7EzIPxYWAfk.mp4,104
train/nx_q8x2uibs.mp4,104
train/9QIay9PHZkQ.mp4,105
train/QxucnzXzTDU.mp4,105
train/YsPrbsFefHg.mp4,105
train/4RkP_EGD3Cw.mp4,105
train/EPkDQ4YP8s0.mp4,105
train/8K_b6-Yg0jo.mp4,105
train/onFtEJPgXuE.mp4,105
train/Yo93QwI_1Vw.mp4,105
train/mkBnb2VCyXc.mp4,105
train/NFcVtRM9snU.mp4,105
train/uE-K8hOdFkg.mp4,105
train/j47SK2eI-XQ.mp4,105
train/Zs4uQ6DfKV8.mp4,105
train/CNWI3IXsaC0.mp4,105
train/72zXBZFPGes.mp4,105
train/NYrRYkiSZZ0.mp4,105
train/a5dQSd5LzQc.mp4,106
train/qVRI7Qi6T5Y.mp4,106
train/_RwOeBqo_aE.mp4,106
train/yNlIvs3nAuI.mp4,106
train/5H6__XDbVOg.mp4,106
train/eieTxynuER8.mp4,106
train/9GTlZIKK1_k.mp4,106
train/oJpnHIf0jkE.mp4,106
train/yjioNLYfn6k.mp4,106
train/MWIx5fHXHQo.mp4,106
train/Ny_OcnRs5Zk.mp4,106
train/uW45bMxjZPI.mp4,106
train/k7TkX8X8X3M.mp4,106
train/zTR7Rcb3rRI.mp4,106
train/ctpFgOSVlXU.mp4,106
train/87fHXxxzdfE.mp4,106
train/9gg-6quzgC8.mp4,107
train/QujSVM8Aue4.mp4,107
train/_VBqfMlmt0E.mp4,107
train/yuW6BllNWfU.mp4,107
train/3op6QtIkrSk.mp4,107
train/Eg7969TCsOQ.mp4,107
train/8jHrr2ijxzM.mp4,107
train/nhZcFKQh6-I.mp4,107
train/YTcDTnefUUk.mp4,107
train/LAGqRnBBIxQ.mp4,107
train/mhLnV0m0XNE.mp4,107
train/TMp5w5bAeI0.mp4,107
train/IiAMLtkErXI.mp4,107
train/zZqir1G1jRw.mp4,107
train/CULSrBLeV3E.mp4,107
train/6xj84Z2m9Qw.mp4,107
train/9t4-siV-8cE.mp4,108
train/r1jMX6_NMeA.mp4,108
train/_oeBaQK5Y1Y.mp4,108
train/ymDPIG8vPg8.mp4,108
train/3PMr0N0XEI0.mp4,108
train/EFw0TDBXCCQ.mp4,108
train/8gzlfaSTtw0.mp4,108
train/OCOo7wPTfu4.mp4,108
train/YKT9rKT0c3Y.mp4,108
train/mRhEp7PPswc.mp4,108
train/NdntiMFrq14.mp4,108
train/uOy4nTOQnzU.mp4,108
train/jjIoFkY7pHg.mp4,108
train/ZoyvTI93Cqo.mp4,108
train/cWLVN7WH9mI.mp4,108
train/6de2kSQRSsE.mp4,108
train/8DBeub63Pck.mp4,109
train/r0yZTAZ7au0.mp4,109
train/_NtRlF1LPPE.mp4,109
train/YQ3hJGItItI.mp4,109
train/3e0b7klLPZ8.mp4,109
train/Ecr8Ne8dtVk.mp4,109
train/7dDhsFzb994.mp4,109
train/NP6TVReCKFo.mp4,109
train/yjQrxEM-Hm8.mp4,109
train/lJK3owVDwgg.mp4,109
train/mgEG5a_Z3FA.mp4,109
train/T_76_5OtHqg.mp4,109
train/j09DYGySzJ0.mp4,109
train/ztjxMtV32GY.mp4,109
train/c5F6I3py2P4.mp4,109
train/5ga0xb3O4DY.mp4,109
train/8ROr9uC5Nak.mp4,110
train/qODdXWURnIc.mp4,110
train/ZKa0PxsR5hU.mp4,110
train/YbALYr-5WpM.mp4,110
train/3XPm1JvAp4c.mp4,110
train/DBicFSLfz_I.mp4,110
train/7nvtGi5Ujr4.mp4,110
train/nEoj-nqQYdQ.mp4,110
train/Y3dzK-JULVI.mp4,110
train/L3j2pirQcW0.mp4,110
train/MdflGPAoClM.mp4,110
train/txUXiyodmfI.mp4,110
train/hPTOIk9mGNQ.mp4,110
train/Z2wzTuHbHpg.mp4,110
train/bOECrNlcIL4.mp4,110
train/5tIo0DbkHEA.mp4,110
train/A39Eojku_3k.mp4,111
train/pZxdg1Stvb8.mp4,111
train/Zq1_en3_ByM.mp4,111
train/yhA_TTKetyM.mp4,111
train/3vgoCOT1GyE.mp4,111
train/etb_d0BvqhE.mp4,111
train/8sLz1O0wGKc.mp4,111
train/NCbqN-_9irI.mp4,111
train/yBksF4L5Ics.mp4,111
train/LSdA2wkZREM.mp4,111
train/MJF6glIYD-k.mp4,111
train/tx95mldgM7Y.mp4,111
train/j0SEPYErHr4.mp4,111
train/zCvHjZUjbZM.mp4,111
train/d-qNxYxbyAQ.mp4,111
train/6NBRjewLoy4.mp4,111
train/AQAYA3O-hb0.mp4,112
train/QuuyCf7KZL0.mp4,112
train/_33ta6queqQ.mp4,112
train/YIwbUpzWsT4.mp4,112
train/5TJ5q41U7tM.mp4,112
train/FCnuvBlTxm0.mp4,112
train/A-S9LRIXb1A.mp4,112
train/OLSAKx1MecU.mp4,112
train/YcArta3RKmA.mp4,112
train/mwr5fUkQH8s.mp4,112
train/NnT2wf-MYCU.mp4,112
train/u1kigJQvx24.mp4,112
train/kJU2g9XbtuU.mp4,112
train/ZiaMqatkTY4.mp4,112
train/dF7Bdwg8ToY.mp4,112
train/86p_gsIEpJk.mp4,112
train/ANtVg-52T2M.mp4,113
train/QjsyN7X_WSw.mp4,113
train/ZIvxzNcsnoU.mp4,113
train/XRWaZupNLGI.mp4,113
train/3sOcIHoFJlY.mp4,113
train/egfIJPRR92g.mp4,113
train/9P2fm_wEJKU.mp4,113
train/OanATTlKWVE.mp4,113
train/xlzQGhHhb1M.mp4,113
train/mkMEweV3IIA.mp4,113
train/nhqV3zbU7WU.mp4,113
train/tPLISVfxFyY.mp4,113
train/JEb9-DNrQg8.mp4,113
train/z2AqqmXDpJ8.mp4,113
train/Cs6ymnALuzs.mp4,113
train/71ho9zOj3nk.mp4,113
train/asqYJcgEkIY.mp4,114
train/RDMf_XeSRQs.mp4,114
train/zTyMmKmbkGI.mp4,114
train/yaodhYXkqho.mp4,114
train/4si4vyfXK2Q.mp4,114
train/E_c-8IqvPAY.mp4,114
train/Ad00Q9cSgrg.mp4,114
train/O6_RCh5ZFIQ.mp4,114
train/Y4pgtjJ8Its.mp4,114
train/mFGxuo_Xbvc.mp4,114
train/Na6IIdDzf7o.mp4,114
train/UgoTUJbFlSo.mp4,114
train/jStEhR9qjZ0.mp4,114
train/zGalWWrrQ4k.mp4,114
train/DhS3oKe0sfE.mp4,114
train/8-6yzLnhnXY.mp4,114
train/AfiR1xfQXvA.mp4,115
train/qCGy-Sz3OTc.mp4,115
train/z-qOuwdKRec.mp4,115
train/xiV9UnSYCUU.mp4,115
train/4PSxzbLi83g.mp4,115
train/EBakJFfju4A.mp4,115
train/8sq2EWuaviA.mp4,115
train/ngRPeKnMyxY.mp4,115
train/xfKVh_cCYC0.mp4,115
train/LLdTmqYcd0s.mp4,115
train/miGwF7BkK28.mp4,115
train/tDzjBwKJOf8.mp4,115
train/JEOQbH7R1E8.mp4,115
train/ykuY5JRYWeU.mp4,115
train/CLXwtveP3S8.mp4,115
train/7EGsGlmZp90.mp4,115
train/AGFHvNwP09k.mp4,116
train/QAjHmeYpTDo.mp4,116
train/z6xhr2A-07k.mp4,116
train/XHKNtHgbqyM.mp4,116
train/52TuOAFGQjg.mp4,116
train/EhRYGB0LI28.mp4,116
train/9E2anVW4Tdc.mp4,116
train/NoscwPZ6Sw0.mp4,116
train/xFM-JgYUjwo.mp4,116
train/LtoqMvOtV10.mp4,116
train/mOXa_eKJBFM.mp4,116
train/te0srF4876Q.mp4,116
train/IzXj2S_h5TY.mp4,116
train/yOxwwOsWRNY.mp4,116
train/cPoPqbGLEYY.mp4,116
train/7lJ-BMyD5Wg.mp4,116
train/8CMfOx-m35M.mp4,117
train/pZ4ougOYj7s.mp4,117
train/YoNmZFw8-8g.mp4,117
train/W_vAjujCrjI.mp4,117
train/3cqZA9EhiFw.mp4,117
train/crg0O54Gmtc.mp4,117
train/6NVzcNZBIwU.mp4,117
train/n3Lyysy0OeQ.mp4,117
train/wYXq79HloQo.mp4,117
train/lfpOKzDrrEQ.mp4,117
train/m9p2MG5JvsM.mp4,117
train/SN53_s1Phxg.mp4,117
train/hxRvFVSyF5E.mp4,117
train/Y3kivgFjkoE.mp4,117
train/BeTzDmOMG2w.mp4,117
train/5cxPddvzLLg.mp4,117
train/9D7wy_tPj3o.mp4,118
train/pUYQJ2XDVac.mp4,118
train/_JUVko4Ml9E.mp4,118
train/xxI9NhttUGg.mp4,118
train/WNkWaPZOoAM.mp4,118
train/3uLp--zfYDs.mp4,118
train/e3KhnSoMvzs.mp4,118
train/7KrQufGPBoM.mp4,118
train/MWq20bMm7fE.mp4,118
train/WKXGoYLUKuw.mp4,118
train/KRzxO7xUS8A.mp4,118
train/LUoT7hymajc.mp4,118
train/T5eNrVu1WKI.mp4,118
train/I90VVxwZfBM.mp4,118
train/XKYbG-ks5Xk.mp4,118
train/cHLjFYY4gbU.mp4,118
train/AADCIlca3Rw.mp4,119
train/pvcjKxbCudI.mp4,119
train/_7LH0ly2ASg.mp4,119
train/YfDGo8w8Wq8.mp4,119
train/wWqAXqF2hAY.mp4,119
train/564b9fsKwg0.mp4,119
train/eJe56tB6JSg.mp4,119
train/9CydNWtBI9o.mp4,119
train/NbcJDQhtZkk.mp4,119
train/wsTIdN20tbs.mp4,119
train/lqVxOLchyuM.mp4,119
train/mEKdaDJZn30.mp4,119
train/T7wuOmFpEwU.mp4,119
train/IZaNfpjjc7g.mp4,119
train/xpHdQEF1tqk.mp4,119
train/CL43Wr3kl4I.mp4,119
train/8hFuS-fR_VI.mp4,120
train/PQU0Ceq66ZY.mp4,120
train/zZ9EsJbEuZk.mp4,120
train/yIkll3nr5co.mp4,120
train/X-tFcr65Npw.mp4,120
train/3HKhTi-mV5A.mp4,120
train/DMZUd_bPPZQ.mp4,120
train/7KPeCBFm1RU.mp4,120
train/mShbyrZUXy0.mp4,120
train/wxJ0mXt2ib8.mp4,120
train/KzOhARM8K9U.mp4,120
train/lTPYiNOgAgE.mp4,120
train/SVurAOqb8uU.mp4,120
train/IfoeT-_uCMo.mp4,120
train/xVzR0-nxn6Q.mp4,120
train/Bvw-ytRcP9k.mp4,120
train/9IRzcMFJKX4.mp4,121
train/pQYe6SyJ5qk.mp4,121
train/Zwaf7TnEffw.mp4,121
train/YLKhcu-6SaM.mp4,121
train/X5DyYVcZwXY.mp4,121
train/4scq3RZ1X8Q.mp4,121
train/edPMjOLll4s.mp4,121
train/8InOhhcSFUc.mp4,121
train/MXjGsJttDkg.mp4,121
train/x3xvdnNvRcM.mp4,121
train/l2cc-JQCXaI.mp4,121
train/lwjv7JiK5dg.mp4,121
train/si20P1fGctM.mp4,121
train/IBIYdFFY4kA.mp4,121
train/Y9fTwWqq8xY.mp4,121
train/CYcuM5ngX64.mp4,121
train/9qgHrhfY8Qk.mp4,122
train/pkMgMiqM9U4.mp4,122
train/zrSbxwoJm58.mp4,122
train/yDvCpNUedbM.mp4,122
train/X6LWqtETfJY.mp4,122
train/4KEF3NLSJc4.mp4,122
train/dV8KdVu80Yc.mp4,122
train/8uthAYpReqg.mp4,122
train/NB--yChXCu0.mp4,122
train/x-eLRy2bwic.mp4,122
train/lk838-3J0dU.mp4,122
train/mkj-4lOAU3M.mp4,122
train/t0GxDX4Pwig.mp4,122
train/iSWQve7dZSI.mp4,122
train/xx-o84tX5lo.mp4,122
train/cdE63_I2gZg.mp4,122
train/8YeU-uLtrRY.mp4,123
train/PmGnIP2Juhw.mp4,123
train/ZYUg-3ZxBCA.mp4,123
train/Ykfko88QsiQ.mp4,123
train/WZhP52NxpkI.mp4,123
train/4Le0QDJSwEI.mp4,123
train/Eo5otaRNI70.mp4,123
train/7VcfCAvuHkA.mp4,123
train/mWb_mPRFPVE.mp4,123
train/wVQjD2QVou0.mp4,123
train/l2tSG0Rj-oM.mp4,123
train/LxSw8qzus6w.mp4,123
train/sDnYNZa3N0Y.mp4,123
train/it6u7cgy_Ps.mp4,123
train/xxYR48LYssk.mp4,123
train/cmmzLPNVCzI.mp4,123
train/97dLFi7j_mw.mp4,124
train/oUXmGwzNdlU.mp4,124
train/ZSz_Yl9plkE.mp4,124
train/Xv6XZ6FtJ2c.mp4,124
train/WhzRfpW5Bn8.mp4,124
train/3A3FXh04dWo.mp4,124
train/DFuLC8B3Wtw.mp4,124
train/8E4YQF-u_RU.mp4,124
train/LSE12AahesQ.mp4,124
train/wF8lBAW25TE.mp4,124
train/J_qw2d9yTS0.mp4,124
train/kvJAObU359k.mp4,124
train/rlGUlQPPTu0.mp4,124
train/haegc4pVUuc.mp4,124
train/XJcReZRTtVU.mp4,124
train/C3kcz3ReDrQ.mp4,124
train/82mvl5Julho.mp4,125
train/PKFXdM4qXw0.mp4,125
train/ZQgzsE4uaPM.mp4,125
train/Xulp9TIb11Y.mp4,125
train/wt3JnghNuBA.mp4,125
train/3tLNQjrC25A.mp4,125
train/DQdKF1wUrCI.mp4,125
train/6UDlR6RByAU.mp4,125
train/mzsPsZCUHC4.mp4,125
train/wnekxMPoFf8.mp4,125
train/l-TcyHsOCaM.mp4,125
train/M5SxsU5Zqjg.mp4,125
train/SPpvFZfjWrE.mp4,125
train/IRPKqlYXs00.mp4,125
train/XHDeUNfUTew.mp4,125
train/c-ERaTRTxQI.mp4,125
train/91cN-ipMN4A.mp4,126
train/oZsVfNTSJVI.mp4,126
train/Zo8FInT5eOM.mp4,126
train/XXj17Toyq3I.mp4,126
train/WeZZ_oQNsp8.mp4,126
train/4eaqArKn8h0.mp4,126
train/dFHmZCTvkGU.mp4,126
train/80s_bXd2hYQ.mp4,126
train/MaUNyuJcDqM.mp4,126
train/WCrcNjNcIsg.mp4,126
train/kHd0hgvzaVQ.mp4,126
train/LDvAEeinXGA.mp4,126
train/SJiwNwHzTLg.mp4,126
train/ic3cl306XH8.mp4,126
train/XBv44atCEHk.mp4,126
train/bVdZUOCIDY8.mp4,126
train/9-AiV0rMfYU.mp4,127
train/ol1RZK88RME.mp4,127
train/ZEmzfxRS0Zo.mp4,127
train/xvQDPHJWxu4.mp4,127
train/WgZ2ZBuGh9U.mp4,127
train/3O0iuN3j_UY.mp4,127
train/Dk70c59g2dc.mp4,127
train/7ye3yXXpYWo.mp4,127
train/m6F3_FeWqks.mp4,127
train/W9y4hllbjlU.mp4,127
train/KHJiPJPJglg.mp4,127
train/lhukxMwA88U.mp4,127
train/rku-Kgkooxk.mp4,127
train/HPiSouqIs1A.mp4,127
train/XanrJvpg2QE.mp4,127
train/cah8nMZ_omo.mp4,127
train/7TYi7gRfFeA.mp4,128
train/oPjZqC5FEAo.mp4,128
train/zeJBTm9f0e0.mp4,128
train/XIBvLqgbeFI.mp4,128
train/wCgpTVlaL10.mp4,128
train/2YW5CVm4jvs.mp4,128
train/dMsEAyiwE2Y.mp4,128
train/6TNW7aGBwtw.mp4,128
train/lZJKXcNreZk.mp4,128
train/wAObcJ2KIEU.mp4,128
train/Kf6hMFIpLJs.mp4,128
train/L6IzdpNJHEY.mp4,128
train/ryE43topRB4.mp4,128
train/idfMim_JcYw.mp4,128
train/X-9aHjawki8.mp4,128
train/BVh9a5_vA50.mp4,128
train/95Eyp5L8Qbw.mp4,129
train/OblhMUbwTcM.mp4,129
train/Y_Z60xoiZqM.mp4,129
train/wwDGmYEfOrQ.mp4,129
train/vGbIRj92MvI.mp4,129
train/40mnvyRC6Ug.mp4,129
train/DVz6B8EDdW4.mp4,129
train/801rRUUY3io.mp4,129
train/Mcp8tV2UDN0.mp4,129
train/vesa-Lxc3rU.mp4,129
train/KlEyGrPhavw.mp4,129
train/lCSC-lRV4vo.mp4,129
train/rCN4whfiwZI.mp4,129
train/iFv4YQxA4B4.mp4,129
train/WAkGDleEVFU.mp4,129
train/ceIOQ9XyvPs.mp4,129
train/a1CacPHRosA.mp4,130
train/pLqPPoZqWpI.mp4,130
train/zdOj2-sVL2U.mp4,130
train/XmFH3iyKRdc.mp4,130
train/WDPHLDy7bMA.mp4,130
train/519GaIdADJg.mp4,130
train/EMgjWn1hwOs.mp4,130
train/9ELj-XtDldM.mp4,130
train/Nrip18RDJnU.mp4,130
train/w6gSXdUDWYM.mp4,130
train/m2C3XsCIdL4.mp4,130
train/mXcp5wG07do.mp4,130
train/S19z-WRxxF8.mp4,130
train/JD_T3XTZ3Cg.mp4,130
train/X7Wc8Z1XiDw.mp4,130
train/CPhkJxlA0lg.mp4,130
train/92vhzGik--I.mp4,131
train/PYO9aFElL9g.mp4,131
train/ZgeZ6n_P050.mp4,131
train/XuJHAv43Ni8.mp4,131
train/Wmr4juJhabc.mp4,131
train/3u0rR8NQmGY.mp4,131
train/dXiLys1Vqt8.mp4,131
train/7xcW-c0S9h0.mp4,131
train/nkQjVOullU8.mp4,131
train/wjaAKSFK-PQ.mp4,131
train/ln2ozDobMeQ.mp4,131
train/MHy7W_Uo5OY.mp4,131
train/sov7zElmeNY.mp4,131
train/IPgYyuTbnWQ.mp4,131
train/XC1Mj3TGtjQ.mp4,131
train/CCHK_F_lHzs.mp4,131
train/95vwx9AidR8.mp4,132
train/PL3ex5IAQNw.mp4,132
train/Z-cpsrDpld0.mp4,132
train/XmyetIsAk4E.mp4,132
train/weGz0p-SFLk.mp4,132
train/4pIU0ngjh0Y.mp4,132
train/e9Ek9R3cYIM.mp4,132
train/8Cqhaj0BmpU.mp4,132
train/mXG0YrXqSDE.mp4,132
train/waD1QltpA98.mp4,132
train/LlfzIIkPhR0.mp4,132
train/MaCRVkSCcgc.mp4,132
train/t0x2ScRxaT8.mp4,132
train/INudxyFZAUE.mp4,132
train/x73J04BxunE.mp4,132
train/CgAeDeYLs9E.mp4,132
train/9CYWbl3lGo8.mp4,133
train/Opu0rKht1qs.mp4,133
train/Z0POkQd_Mgc.mp4,133
train/xKzE6600Pts.mp4,133
train/VUHJlns22u4.mp4,133
train/4LP0HGX7QRQ.mp4,133
train/E2kHuoeNjYs.mp4,133
train/8A0CtIeDLzc.mp4,133
train/mioAEj6kj08.mp4,133
train/VMSSa40oEz0.mp4,133
train/KqTU9JxB6qo.mp4,133
train/Ll786AgnJB0.mp4,133
train/rjDC2Le58eY.mp4,133
train/i6YkChYwgUU.mp4,133
train/wxppiSGBj64.mp4,133
train/cGzt84Dvwvw.mp4,133
train/9IzxeOYpjoY.mp4,134
train/nwNhByHti18.mp4,134
train/YpdJ-Y9GGrA.mp4,134
train/wVVvjUCwJuQ.mp4,134
train/V9dRn0FUBXA.mp4,134
train/4BtLYLmq9rA.mp4,134
train/dGw2tp4dKR8.mp4,134
train/8TjF5BZEXvI.mp4,134
train/leqHF0SCsd8.mp4,134
train/v7-AH1O1F7Q.mp4,134
train/jWKOYrWnK2I.mp4,134
train/koImx57wGp0.mp4,134
train/r3LK28-X4rA.mp4,134
train/hiCFvSqTkSA.mp4,134
train/VYdaTK3MKyc.mp4,134
train/c3tdH3i6kHY.mp4,134
train/9LpMk0qtBLs.mp4,135
train/p6V-OxDBoYY.mp4,135
train/z2x1GvLl-3k.mp4,135
train/xIK8di96YQk.mp4,135
train/vys-J_o4XvY.mp4,135
train/3BC6mPVXb7Q.mp4,135
train/eMLoVKvveFI.mp4,135
train/7uBlK__pHF8.mp4,135
train/mIu45ueBUiI.mp4,135
train/vwFhGTs0KhA.mp4,135
train/k_N6OL-rxdQ.mp4,135
train/lrr4VitXh_k.mp4,135
train/s5wqyLgfrmo.mp4,135
train/IqzNQghkLj4.mp4,135
train/WxqYHwzobAw.mp4,135
train/co-p9huR850.mp4,135
train/89j2L-Dn5qQ.mp4,136
train/OwtLmoHTF9U.mp4,136
train/z9fk3ddGNyo.mp4,136
train/x-jWGI32HUk.mp4,136
train/vRkj5NhS_4c.mp4,136
train/3c0PMQatmV4.mp4,136
train/dYf6uklU1v0.mp4,136
train/7dnmV5Uysks.mp4,136
train/mm3z4oF6UrE.mp4,136
train/vrAPHt_Xr48.mp4,136
train/kQRm-Hw442I.mp4,136
train/LvH3izX-KAs.mp4,136
train/ryDH0Yx4vXs.mp4,136
train/i7w1uVb1oKE.mp4,136
train/wkbCYMNKBHo.mp4,136
train/BujMw1Zsyhc.mp4,136
train/8Tj9Ud-qhMA.mp4,137
train/odgmTE-vnQo.mp4,137
train/yguT0nvMifU.mp4,137
train/WyXsAPnc1MI.mp4,137
train/vMekV0ucABc.mp4,137
train/3-Wm1nNk1fQ.mp4,137
train/e3OODqWEUBc.mp4,137
train/7qQBmXTYIDQ.mp4,137
train/lZS8SunWDSw.mp4,137
train/vk2eUnYCJdw.mp4,137
train/kf3t0b_dMGQ.mp4,137
train/Lgn0K6W1vQk.mp4,137
train/riaEkvYybKA.mp4,137
train/HWqD_JdmOK8.mp4,137
train/WFrJGNWHJRw.mp4,137
train/cg9_QHFfCSQ.mp4,137
train/99Pm3eDagFQ.mp4,138
train/oP_Lchfwq9c.mp4,138
train/yJtyaO_IK6k.mp4,138
train/wuc64Xxai6A.mp4,138
train/vFw-zDkD3Gs.mp4,138
train/3rW1nYdMc2A.mp4,138
train/dvY4MrybvGs.mp4,138
train/87O3WwnAbro.mp4,138
train/M0s1DrP6uog.mp4,138
train/VD2Avk7yH0g.mp4,138
train/kItW8jWjWic.mp4,138
train/l9neqDIBwKo.mp4,138
train/RgyGhUGZ7ow.mp4,138
train/iAm80UNQz5s.mp4,138
train/wBkngIqlgcM.mp4,138
train/C46OwI5OcOc.mp4,138
train/7eKT47J7xh0.mp4,139
train/OIQ0opDJwIU.mp4,139
train/YO2DT7r5WtY.mp4,139
train/WLZHetVhFyc.mp4,139
train/V8Mbb8rPf-s.mp4,139
train/2WdP_UdLWZs.mp4,139
train/DocnDFFROTY.mp4,139
train/6Je0gxujLqw.mp4,139
train/Mcjyzhq5Hbo.mp4,139
train/V2xGuU8E09U.mp4,139
train/kyH9v_A7qgE.mp4,139
train/LGSg828VWeY.mp4,139
train/rjKXVTpbk3w.mp4,139
train/IlHdZeD6gqo.mp4,139
train/V_m01zLjKEM.mp4,139
train/B_C5lDp-Zag.mp4,139
train/9l6BjljAxCs.mp4,140
train/PafCh6I9odo.mp4,140
train/XwehLH351Fc.mp4,140
train/wae-fNeOiYY.mp4,140
train/U_sA39EbAbM.mp4,140
train/3XTOcSjHGPs.mp4,140
train/DK91U8hVtT0.mp4,140
train/8KIMN5hNEJ8.mp4,140
train/MfagUgyksJc.mp4,140
train/uZuazlg7lek.mp4,140
train/kNLzUEgtUdA.mp4,140
train/lKfTr4x2Qrk.mp4,140
train/RVwB8NgTFus.mp4,140
train/I5A1B1j48wc.mp4,140
train/Vq-6UT8ERtc.mp4,140
train/bxhCQ8jwl5U.mp4,140
train/83uDFU4Ys4c.mp4,141
train/nJPtyaadxBs.mp4,141
train/YB20IuZVDYY.mp4,141
train/WhMXzydq4yY.mp4,141
train/uYSeJ-aYrLg.mp4,141
train/3mOsIsPn-2I.mp4,141
train/ck0rQbyXyMw.mp4,141
train/6wAjtAxbr2s.mp4,141
train/LbRPni4WtHA.mp4,141
train/UW3QBrvgQXQ.mp4,141
train/Jh2uZZVr5zo.mp4,141
train/kJekrU-xLdc.mp4,141
train/Qtk8NPql2tE.mp4,141
train/H2xEwKed7AE.mp4,141
train/w2fzm72QB50.mp4,141
train/BbE5vSnd6gQ.mp4,141
train/8u8zyNb3VyI.mp4,142
train/OFsHj2TZHXs.mp4,142
train/Xv_zfT77Dr8.mp4,142
train/WPvKtsbDWCk.mp4,142
train/VrE6BtIYCT0.mp4,142
train/4agGBmSGmjw.mp4,142
train/d97hSjuzVnI.mp4,142
train/7x71dLCw65Q.mp4,142
train/lN5SSgqA1N8.mp4,142
train/VOOdEg-WK_A.mp4,142
train/JtlRUa6BxNY.mp4,142
train/KrdSasXkwZA.mp4,142
train/RmXB-IJqgDc.mp4,142
train/hbZbKbsvz9Q.mp4,142
train/wjyeHm53ba8.mp4,142
train/BTrW4KrK9E8.mp4,142
train/8ZXJmn_kNhI.mp4,143
train/o4WfCejAs4U.mp4,143
train/XOGsSoWTViE.mp4,143
train/vvdQIAwJy9s.mp4,143
train/UCGrmcZ-XBI.mp4,143
train/3GP2jV1VroA.mp4,143
train/DH_ikrqnwRU.mp4,143
train/7U9fBoQw_jc.mp4,143
train/kZ2muodnM7k.mp4,143
train/uae714ZVDA8.mp4,143
train/JOlIaT3vRE8.mp4,143
train/kDcFT790daU.mp4,143
train/Qz9Fu5dU9SM.mp4,143
train/Hl0VYfYnLLo.mp4,143
train/vHF2vbgicpE.mp4,143
train/BNEFD0XEPpA.mp4,143
train/9XTnZL6kInE.mp4,144
train/p8jPjgNHXjg.mp4,144
train/YArVf271BBA.mp4,144
train/wPXhg-bIwDQ.mp4,144
train/VNCkFGToIRA.mp4,144
train/4-4Rf7wjNUA.mp4,144
train/e7iJiAhVvec.mp4,144
train/8K-s67nbxzI.mp4,144
train/MvQrFlTpMV8.mp4,144
train/VI8I0eLhvZw.mp4,144
train/LCluLIqseO4.mp4,144
train/M0ypOTVstDk.mp4,144
train/s2XiXPLDXQU.mp4,144
train/iHTVl1XSatE.mp4,144
train/wFCYI2C45Dc.mp4,144
train/CwxnwHysMLU.mp4,144
train/8Q4BGH3jZnE.mp4,145
train/p5QQFTDpnRo.mp4,145
train/yIZJkIBjMg0.mp4,145
train/wlWdd8Iug3E.mp4,145
train/VGbHTUOmn3M.mp4,145
train/3qkqoa-8OtA.mp4,145
train/DYwZX29WiBc.mp4,145
train/7qX6vF_3kl4.mp4,145
train/mr1YtGWaz7c.mp4,145
train/vBXmUQubV8E.mp4,145
train/LG2VXibVc9w.mp4,145
train/m0L13z2Bixs.mp4,145
train/rNYQF83D5mk.mp4,145
train/iSajA4mB-PQ.mp4,145
train/W9j-dRQouWE.mp4,145
train/CEIFgpaYPK8.mp4,145
train/A0d76eMCRBM.mp4,146
train/OAvWq3UHZ_o.mp4,146
train/yeL-El9Gehg.mp4,146
train/wOxWuW3YNFY.mp4,146
train/v3aZqMCvEtA.mp4,146
train/4mrnWyiAkdM.mp4,146
train/Eci72dwWyI8.mp4,146
train/8xI1IqMJ3Rk.mp4,146
train/lv9YND08QIs.mp4,146
train/UzcPLcyE0vA.mp4,146
train/kaE6wJSYY64.mp4,146
train/L4Sn48QL2NQ.mp4,146
train/r2WgMV5529s.mp4,146
train/i4S0YMCwxAU.mp4,146
train/w4MzozJRmos.mp4,146
train/c9GFK4gr5Wk.mp4,146
train/9tZobH_zqOk.mp4,147
train/oAgLBZD5CMY.mp4,147
train/Y6NNMdahbsQ.mp4,147
train/WReNd8SSCJ0.mp4,147
train/Vlt6O0WKhe4.mp4,147
train/4qofGWubDus.mp4,147
train/dXx5ZVpaujo.mp4,147
train/8qXm9nX0wDk.mp4,147
train/mcqVHvKRgQ0.mp4,147
train/vk2_X4JOjRw.mp4,147
train/knag25whB8A.mp4,147
train/LIslIeWmxsE.mp4,147
train/REw527qrGnY.mp4,147
train/hYr6wrOWp2A.mp4,147
train/WChH3eaLZCo.mp4,147
train/CJUwU7dLxsg.mp4,147
train/8SfHj9tiOkA.mp4,148
train/ORNke3-83ww.mp4,148
train/y3roo5CdIok.mp4,148
train/WRdVYG587lY.mp4,148
train/VigUKUxUnNE.mp4,148
train/3rEjCUSNKI4.mp4,148
train/dLE3na73hbY.mp4,148
train/7Qc4Q6OShr8.mp4,148
train/mfQOLdKhVGE.mp4,148
train/vi1bVyejjn8.mp4,148
train/kI6ICzcZYK4.mp4,148
train/lf1nYoBqJEc.mp4,148
train/rnbsdK8xjHc.mp4,148
train/hMobrnvAbnU.mp4,148
train/wFm9g-y5yLk.mp4,148
train/bLaiiE7owaE.mp4,148
train/7Xo14KqM6Qw.mp4,149
train/oNyBzWhFBNY.mp4,149
train/y8UXfUU30Ok.mp4,149
train/WBYTanT8qBg.mp4,149
train/UxqEv2m40h0.mp4,149
train/3kmMUBkviCk.mp4,149
train/CzjIF09GQbM.mp4,149
train/6zmYVcNT37w.mp4,149
train/lZyiM8ikx6w.mp4,149
train/UuO78ilkUIg.mp4,149
train/kA7bcTVjeg0.mp4,149
train/kXEBN3eZddY.mp4,149
train/rKn_nq96VDs.mp4,149
train/Hl0jXTKzv4E.mp4,149
train/VQmZi3n8RK0.mp4,149
train/BMb4OPlSsSU.mp4,149
train/8v-vjoq5YQ0.mp4,150
train/OpvKV4Hv6m4.mp4,150
train/XZMq18__aDI.mp4,150
train/wpcDsa8X5ac.mp4,150
train/v9B56ODnRoQ.mp4,150
train/3GJ1XCcksl0.mp4,150
train/E9z_8aw7Twk.mp4,150
train/7NhfmcfqzMw.mp4,150
train/mghYImdYWVQ.mp4,150
train/v43Ra1V7D8Q.mp4,150
train/KzJ9vbQwo6Y.mp4,150
train/LnP7iOHdbgk.mp4,150
train/r4_VFkCwe_k.mp4,150
train/iiarmmPHvE0.mp4,150
train/w-ml483PIak.mp4,150
train/bYuTiFvl_Ng.mp4,150
train/8e9Yz_WNWIM.mp4,151
train/O6YyxTWI-SM.mp4,151
train/xQVm2TOMWgE.mp4,151
train/we9dD-LWD2U.mp4,151
train/uVZnztSRl3o.mp4,151
train/37ZaUVspFf0.mp4,151
train/ctrcrAwBIrg.mp4,151
train/73gVgqKF8J4.mp4,151
train/lwX_3ifjQAM.mp4,151
train/UrJLPjXyxlo.mp4,151
train/k9RO9xScwxk.mp4,151
train/kzP3tJIMgBg.mp4,151
train/Q_4FJLPcvCQ.mp4,151
train/HgTA2qcrhHs.mp4,151
train/VW0EHgL2LOc.mp4,151
train/B0i-4-XFBxY.mp4,151
train/8qdFCWC-R50.mp4,152
train/oLO-FInFIg8.mp4,152
train/xp7vzJZrnO4.mp4,152
train/WEtUtYWMOiM.mp4,152
train/UrRfvF19DxA.mp4,152
train/3k-2KhH7uiQ.mp4,152
train/d_H4yEti67g.mp4,152
train/88Mgqotzgso.mp4,152
train/lZgcMU0S7Kw.mp4,152
train/UpCSaznTuW4.mp4,152
train/KqvrDCWmYSc.mp4,152
train/lD5L0zeBRS8.mp4,152
train/R3hjK8ssxiU.mp4,152
train/IAKCbJw_C24.mp4,152
train/w1ywix3yWeo.mp4,152
train/Cg2ZY_i5zvM.mp4,152
train/8Yd6RFDboYg.mp4,153
train/Oqx1kiIVgxw.mp4,153
train/Y3NT7Fz-emk.mp4,153
train/Wggcw15JgiE.mp4,153
train/vBIj2oaKTLE.mp4,153
train/4a91TvmxFMg.mp4,153
train/DhKJSpbww_4.mp4,153
train/7zOOiOedPUA.mp4,153
train/l_KIswehixA.mp4,153
train/V7YLkvsBfnA.mp4,153
train/K3sSK7UAWdQ.mp4,153
train/KYTBBcT8Udw.mp4,153
train/rmdea6vZY1U.mp4,153
train/HpnxSFL0ajo.mp4,153
train/vyaYip6JoEw.mp4,153
train/bPoojLmv6DA.mp4,153
train/88jCVMe-SJk.mp4,154
train/NsBvMqIDGZs.mp4,154
train/Xt_h21AIwgY.mp4,154
train/w4YcqoEcxuA.mp4,154
train/Un64CMo1rmo.mp4,154
train/3XO_7TUo_Ho.mp4,154
train/COmKe1XKUTQ.mp4,154
train/7CGTcgPQruQ.mp4,154
train/kxKcsIDeNCI.mp4,154
train/UgkX2jMuYXg.mp4,154
train/jpbuEnbnmwU.mp4,154
train/kExwdkNCkFM.mp4,154
train/qTYkLZCoFVI.mp4,154
train/G_wS9Qb3n48.mp4,154
train/VRHqjNWcE34.mp4,154
train/Bf0Z-heCiQo.mp4,154
train/7wy3vHeBdfc.mp4,155
train/O3db8RE-lEk.mp4,155
train/xuZQJrLhCoU.mp4,155
train/W7Aox8-Sq7Q.mp4,155
train/UuvUW1kSsYI.mp4,155
train/2ZtZK73sWVs.mp4,155
train/dickmMsmXU8.mp4,155
train/6Ts71MUIM-M.mp4,155
train/M8ZsINkVrRI.mp4,155
train/uStcbdDZ50I.mp4,155
train/KmMxxK5D7Uk.mp4,155
train/LisCYFG9Nfg.mp4,155
train/rmeSYALFuaI.mp4,155
train/hsGrx3MRVfE.mp4,155
train/vMcsdxcasxQ.mp4,155
train/BEgT_vyYQ-w.mp4,155
train/9DuIfh1Sw18.mp4,156
train/nQLtqctT5oA.mp4,156
train/Xs1GHnrZ124.mp4,156
train/wfyHIL89Hmg.mp4,156
train/uPf_4Sk_CR8.mp4,156
train/3Bt0tCDn7oA.mp4,156
train/dL-O9RLSAso.mp4,156
train/7yiWp5v3ZfY.mp4,156
train/LA-sOZ8p0Ys.mp4,156
train/uKY918wToeY.mp4,156
train/JPu2XQ7X5wI.mp4,156
train/kJmCKY1SR-E.mp4,156
train/qsxJ4Mr1Rjg.mp4,156
train/hkU3yrysF2U.mp4,156
train/VuPscDBzjKw.mp4,156
train/bQNjh83Z4bE.mp4,156
train/8l3qMYF4ViY.mp4,157
train/neF0eINATog.mp4,157
train/XQpkUu9BmDU.mp4,157
train/W2MLoBvkdcE.mp4,157
train/UX3SAlKSx9s.mp4,157
train/4J1PRUxe580.mp4,157
train/cg-d61z8YEk.mp4,157
train/7w0bLAF6DwI.mp4,157
train/L2NyjMCANqY.mp4,157
train/uLa6qFtgvuM.mp4,157
train/JlonUjPRbQY.mp4,157
train/kkenB4VPf98.mp4,157
train/QBztBznIKN4.mp4,157
train/GFszICCdK20.mp4,157
train/vIvKZnwStAI.mp4,157
train/BBcBgKq5dC8.mp4,157
train/8ZIFP0R-uOI.mp4,158
train/NUpistWSSV0.mp4,158
train/xMq0yb0AhNw.mp4,158
train/W3L8dp-FqN8.mp4,158
train/uK0dxEMBXfY.mp4,158
train/38VjUm9X__Y.mp4,158
train/Dmcdo7cVDDc.mp4,158
train/7Wn8POf2ziI.mp4,158
train/lpxqPGxa-LU.mp4,158
train/uGX2CvdFERA.mp4,158
train/kCKuSy4nk8A.mp4,158
train/Kwb37o_BSe4.mp4,158
train/r2zfWQbOf2c.mp4,158
train/I6hPE3o2YrA.mp4,158
train/VOGF4tBFEuw.mp4,158
train/BvP4FWmP-2s.mp4,158
train/8UYCkfb3OHk.mp4,159
train/OpJC8XSUQHg.mp4,159
train/y4T9aHPCis0.mp4,159
train/wHrlW4yOekM.mp4,159
train/V0HfWL3-VHM.mp4,159
train/3Axoh5Mg1Fk.mp4,159
train/E81ZMFoPdzs.mp4,159
train/7INodyd0ujk.mp4,159
train/mknkYjJjlCQ.mp4,159
train/UX890SrROhQ.mp4,159
train/l5KnP6e6Y3k.mp4,159
train/lWWxTnWElUU.mp4,159
train/ri7gn4oN5JI.mp4,159
train/iQCOqqXkvhA.mp4,159
train/VXvnQ6vnSTQ.mp4,159
train/C6epDQ5D5sA.mp4,159
train/8gRsuWtc3zY.mp4,160
train/Nsp7F6B4_kQ.mp4,160
train/XNStOU_4D7o.mp4,160
train/W2c62KIR5kk.mp4,160
train/URzAkL6m1lQ.mp4,160
train/3CU1TfOjqTA.mp4,160
train/eFhHkCPQWfk.mp4,160
train/6XT9JAvqzoA.mp4,160
train/LZA2R6dyo-Q.mp4,160
train/UQjJ0-UyjEA.mp4,160
train/Kvo_hQLMQ3g.mp4,160
train/LGf_elzvR58.mp4,160
train/qszSoT2EH7U.mp4,160
train/IfPU3MCzakQ.mp4,160
train/vQzypXGYt-g.mp4,160
train/CPfM-qTVPtk.mp4,160
train/8yXqv31aGbQ.mp4,161
train/NpbM5bvFYRI.mp4,161
train/Wo1A1L0X7DM.mp4,161
train/VbxYr4KNj3U.mp4,161
train/Tzz2eUBYDN0.mp4,161
train/4EUB-SMHiGs.mp4,161
train/dpWKM39Qkcw.mp4,161
train/87JClgLW5FI.mp4,161
train/LAC9qEHn7iY.mp4,161
train/tRY6fxwi3lI.mp4,161
train/Jfw0uiM4Lao.mp4,161
train/KhEA99RedqE.mp4,161
train/qin-4PruydU.mp4,161
train/GZpxpxlSk_4.mp4,161
train/ulM7FJvqIsU.mp4,161
train/c0oN8hfbvpU.mp4,161
train/7umkMXkKeTc.mp4,162
train/NfIPC0oXMWY.mp4,162
train/xroCSdUVDIE.mp4,162
train/whCL4fnScIk.mp4,162
train/v5ltfJQJW6w.mp4,162
train/2RwQanyYYT4.mp4,162
train/Cv2YMlAspPs.mp4,162
train/6p_FpjPhBNI.mp4,162
train/l9DTN9OH2DA.mp4,162
train/UZmhUrNzHYQ.mp4,162
train/jRJ_HhiqcXE.mp4,162
train/Kg7vzuBctz8.mp4,162
train/QxPL-eFT-jo.mp4,162
train/HB4vyYtHNO4.mp4,162
train/vsNzMMzoNsA.mp4,162
train/bm-_kwu35ao.mp4,162
train/822GAUIMIPM.mp4,163
train/Nl1cUbXJC40.mp4,163
train/x0f9n3zSLKs.mp4,163
train/vMB3RmQ1IFc.mp4,163
train/UiHNh9Q1DUE.mp4,163
train/3DNAkHsxRmI.mp4,163
train/cs9C4FJMQ-s.mp4,163
train/6WSMKrYp3j4.mp4,163
train/l5JZEPf8wsw.mp4,163
train/ufmZvhAoSVY.mp4,163
train/jeRk5o7V1JI.mp4,163
train/KGkgWefUGdI.mp4,163
train/qdYBDfDnqZE.mp4,163
train/gZHjiz06Y90.mp4,163
train/V8sOG7FzKmY.mp4,163
train/bCaXevToVSA.mp4,163
train/8GgBDIOv5gs.mp4,164
train/NzXI4A9FOXg.mp4,164
train/Xy5-HZCKBZI.mp4,164
train/wm9mxE9BzqA.mp4,164
train/VjvYBOVU0RU.mp4,164
train/3zos7JFc1UQ.mp4,164
train/dQLTzOA5fpw.mp4,164
train/7uUL8ELhnp8.mp4,164
train/LKWCcCYL1yw.mp4,164
train/vGOIdP34ToA.mp4,164
train/kglTaTa0y2E.mp4,164
train/L2YQRgPJdQU.mp4,164
train/Rnb1Hh3gWxo.mp4,164
train/hskuHJbi_LA.mp4,164
train/W9QrPtfD72Y.mp4,164
train/by0T-MNPoQ8.mp4,164
train/8GrfmUWaqAQ.mp4,165
train/nJfnIz9urTo.mp4,165
train/XbSDl8m5IwA.mp4,165
train/vyJdXcgzQc4.mp4,165
train/ucRc68HYfkc.mp4,165
train/3TurhpwHaRY.mp4,165
train/DCHzbftqeYs.mp4,165
train/7hPoiFz0H6Y.mp4,165
train/lDm5fZaXEv0.mp4,165
train/u7vUTbrW75c.mp4,165
train/jrrxMGQk-4c.mp4,165
train/kF3ixLx3Zho.mp4,165
train/QpYyWF2nW7k.mp4,165
train/hQRpRZM-F88.mp4,165
train/VHpk_mtr3XA.mp4,165
train/BNZ_XXZyB1A.mp4,165
train/73asQOw5iJc.mp4,166
train/o5CHvC0H6nY.mp4,166
train/X5DqGtq_BJw.mp4,166
train/vtU3dTYTSw0.mp4,166
train/uMvv0reKQ24.mp4,166
train/2xmiqVfV3Dk.mp4,166
train/Cs8XmZFi4E8.mp4,166
train/62V6mtOomOM.mp4,166
train/lhd3YE8aVK8.mp4,166
train/uLJ25m4xgzg.mp4,166
train/jlEaRrDpWv0.mp4,166
train/kHb3x5k-6p8.mp4,166
train/QnIt0lcjwBc.mp4,166
train/GzlZ42a03hs.mp4,166
train/VfOwXWePsxg.mp4,166
train/bg0clyUzvdM.mp4,166
train/7M_NB8Oer5I.mp4,167
train/nPpaaZx2S78.mp4,167
train/xeM94FpDwxk.mp4,167
train/VWqcL1X9XSI.mp4,167
train/UNEdOMqCP5w.mp4,167
train/2HghkcN_MS8.mp4,167
train/dDC5H6cVGp4.mp4,167
train/6IjeMvdx0lY.mp4,167
train/lpiirZvdp54.mp4,167
train/uKIdISuFeUU.mp4,167
train/k6hLs63PD-A.mp4,167
train/Kx5DX4iAeKU.mp4,167
train/qD078Xe6tr4.mp4,167
train/hHu0-NHzMfU.mp4,167
train/VHmqcTUtSNA.mp4,167
train/bLyQ1gPE-Zk.mp4,167
train/8cuCTU5rM5Y.mp4,168
train/n1tEo4kbj-Y.mp4,168
train/xhdBS-qC_EQ.mp4,168
train/VStG67xkg18.mp4,168
train/Uh-GpGP-Il0.mp4,168
train/3388wRyOCcI.mp4,168
train/d0PcwgfxWW8.mp4,168
train/7h_wderwflc.mp4,168
train/klaoy_hdvcU.mp4,168
train/UeVcVGKTItM.mp4,168
train/iskcXvvqKQ0.mp4,168
train/JlVnYQeSzz8.mp4,168
train/pLbMSKqq2cU.mp4,168
train/GFVbZaSe9Mw.mp4,168
train/v91VbJVaB7E.mp4,168
train/BH6palY6ElA.mp4,168
train/82eVvB2tzXo.mp4,169
train/OtuAgLz9SWo.mp4,169
train/XE6TXuGl9z0.mp4,169
train/WDiAcm5iIL8.mp4,169
train/vABhecThIgI.mp4,169
train/3fM92AudOyo.mp4,169
train/Dgm4OV7de_E.mp4,169
train/6Z1QjwtRWjI.mp4,169
train/LPUkjqUPk2s.mp4,169
train/V6Kll-xrjVk.mp4,169
train/J_y0WYxcDUk.mp4,169
train/krXXO18LjJU.mp4,169
train/RMdk187QnSI.mp4,169
train/HLU5bdWnsBw.mp4,169
train/V_YE0LC2sN0.mp4,169
train/BZiuKJ0b4sQ.mp4,169
train/77HrQWk-QsU.mp4,170
train/Nr3wFmRfB-g.mp4,170
train/w_eYY5Zg9Tk.mp4,170
train/vNWttnLbxbI.mp4,170
train/Uf1-l_5Vbyc.mp4,170
train/2vFvjkwoUM8.mp4,170
train/CQ3AShJEg1M.mp4,170
train/69Qg4dJMfp0.mp4,170
train/kolHw-BrOtE.mp4,170
train/U6WxCUAhsHs.mp4,170
train/jmT8tYhuMdY.mp4,170
train/K2ZbmtSOj30.mp4,170
train/QhesEC3PEWI.mp4,170
train/h9CO8a0ydX4.mp4,170
train/V3FZKosnUKk.mp4,170
train/Bf_jKV1gvlA.mp4,170
train/7adYaM2xbuU.mp4,171
train/MVFwSf8BK0w.mp4,171
train/x6q8veQwFm4.mp4,171
train/vQYJAfUOoEY.mp4,171
train/U0UEbrfgI28.mp4,171
train/2MHiTQ5nS3s.mp4,171
train/cqFgQQ1Ur_A.mp4,171
train/6JC5vWG0nQg.mp4,171
train/kQRHZJGgVnQ.mp4,171
train/TYFLsuHs-PQ.mp4,171
train/j3-vKD__ln8.mp4,171
train/jWWP8vUD8MQ.mp4,171
train/qB6k8thuOPE.mp4,171
train/GuR1gSeX_hI.mp4,171
train/uZILGmKHoo4.mp4,171
train/bCPPW01m_hY.mp4,171
train/8E8ilHpcEZc.mp4,172
train/OqjhhyUmhy8.mp4,172
train/x9YJ-jiqZeo.mp4,172
train/vRQc53Dw5q0.mp4,172
train/UFlGA5k4phc.mp4,172
train/3HSwM_TPUYQ.mp4,172
train/dyZOlosLnlE.mp4,172
train/7iwebauiZDA.mp4,172
train/LUbfTAgP1vI.mp4,172
train/UD5Ks_fclk8.mp4,172
train/KjkGxxQpmbQ.mp4,172
train/LBk0SOZ_SVw.mp4,172
train/r7DBCfRUdqo.mp4,172
train/hTrTGELSseM.mp4,172
train/V-XxgqFyfJw.mp4,172
train/BX3TghGDdTA.mp4,172
train/8sMDOF32jyU.mp4,173
train/mOzkxtkKhMk.mp4,173
train/WxOCx6LinqY.mp4,173
train/uvEo2EW96Hc.mp4,173
train/tPTBbRILZwI.mp4,173
train/2zVFpxMUFNY.mp4,173
train/Cx9ZnKMyzyI.mp4,173
train/7V0AJTKCXiI.mp4,173
train/KHfq9I9Tjoo.mp4,173
train/TlMo-c1K3sY.mp4,173
train/j92NjLIeVHE.mp4,173
train/JOG03mT2MHc.mp4,173
train/PnC_-nK4L0M.mp4,173
train/GUjJLs-KhH8.mp4,173
train/UfU-GbleZmU.mp4,173
train/bbYGn1wcy2o.mp4,173
train/7NxyB0mptrM.mp4,174
train/NuvoOXo-3eE.mp4,174
train/wc6e_Pmt46Q.mp4,174
train/UXLWjb9_FtM.mp4,174
train/TZ3cNWVI4HM.mp4,174
train/2RCLzEXgYAw.mp4,174
train/CwBAI4FU5Rc.mp4,174
train/6IjjFHXAB_0.mp4,174
train/l8TzPW8klGQ.mp4,174
train/Tsv1WYs09bc.mp4,174
train/jMB03MpevKE.mp4,174
train/kgA3AOUmSik.mp4,174
train/qKjyjh5RJmE.mp4,174
train/h8LN3hK-M6M.mp4,174
train/uJzEIZMuU3I.mp4,174
train/bmYFVRsCdTc.mp4,174
train/8smbQgQOqE8.mp4,175
train/NpEvL3JWHYc.mp4,175
train/wvYlWD1Fe_c.mp4,175
train/v-Rr7ryvX48.mp4,175
train/tZWBN6AaHNU.mp4,175
train/40HQ8aGhrdg.mp4,175
train/dz0hRB7nPxU.mp4,175
train/7RR-p4NGXgA.mp4,175
train/lcdiIy4Tlkc.mp4,175
train/TVsq8ViA4fU.mp4,175
train/JOOMt6yRdqE.mp4,175
train/KaOh9dwLvuc.mp4,175
train/QliXWuDT4L0.mp4,175
train/hS7B4dTzQ0M.mp4,175
train/UjHEnzFP7HU.mp4,175
train/c9wk4BcOyJo.mp4,175
train/81lHdFpcp4I.mp4,176
train/Nnss0j25dj4.mp4,176
train/wQmxw_rwSDw.mp4,176
train/UWD8L-qeTLc.mp4,176
train/tvJq1nSdqHU.mp4,176
train/3Hk4_wD_c98.mp4,176
train/cOEOVDYwzgE.mp4,176
train/6yLAEdf9vfg.mp4,176
train/krDtbceTIV4.mp4,176
train/tSqWB6derkE.mp4,176
train/J5nHlzDqjoQ.mp4,176
train/JtIqy8v1QeQ.mp4,176
train/QNH8RP7q3NM.mp4,176
train/gmFzKFvYXGc.mp4,176
train/UMIOT141tIc.mp4,176
train/BCyCy2CzD-0.mp4,176
train/8JtUFkR73Qk.mp4,177
train/nr86TF9H75A.mp4,177
train/Wls0nG6jqtc.mp4,177
train/v6JFwApPrBo.mp4,177
train/tUPwuphO1EY.mp4,177
train/3_xntbd5X2A.mp4,177
train/d8O_mRMtOHg.mp4,177
train/7QAHO9JjTsU.mp4,177
train/LB3pembP_fY.mp4,177
train/tsjlG5mBFvY.mp4,177
train/JuUldcttMPg.mp4,177
train/kju9tn4VRis.mp4,177
train/Q3W3mzYlGE8.mp4,177
train/hDpc7N0SPoM.mp4,177
train/UpMQ0WIBMC8.mp4,177
train/BRRmK55V55k.mp4,177
train/8N_64cl7BSU.mp4,178
train/nt7pzypybzE.mp4,178
train/wP_AD8FmTcU.mp4,178
train/VH4hlP-xxF8.mp4,178
train/u23PSemSZV4.mp4,178
train/3Xi2_J7ex4c.mp4,178
train/d6WCFPRxTzU.mp4,178
train/7TGexAsEZTU.mp4,178
train/LIjpBDQHTRY.mp4,178
train/T_XEP1RMCGY.mp4,178
train/jKdHIOSEL7g.mp4,178
train/KJ99I9g6PU4.mp4,178
train/QSTWtIVXrR0.mp4,178
train/h8GOtfH9_74.mp4,178
train/UZWwcGr1Rak.mp4,178
train/BrOESMrZkqM.mp4,178
train/7f-w2Jdixjk.mp4,179
train/n1IpFP2xvLY.mp4,179
train/W35UwWErsOs.mp4,179
train/uPJrk1TNrek.mp4,179
train/TFySoeQK5c0.mp4,179
train/341D0CqU068.mp4,179
train/dcdwejVREtI.mp4,179
train/6CP_ScXn6HQ.mp4,179
train/Kmf9PjCqwyo.mp4,179
train/TCZulyTYnNY.mp4,179
train/Iz2dnK5KRfw.mp4,179
train/JphaTF0K074.mp4,179
train/p8stN_SVPxY.mp4,179
train/GxmmkESM_Us.mp4,179
train/u2H_j600Vdc.mp4,179
train/Bwv7d3nQDmc.mp4,179
train/8payssKxlQo.mp4,180
train/nY4tpb8O_Rg.mp4,180
train/wUsRiQdYh8U.mp4,180
train/VFlzakbndtI.mp4,180
train/tSDh5x8X2L8.mp4,180
train/3pw9ionLS3M.mp4,180
train/co1wz2cPRiA.mp4,180
train/7DxKf-so7ok.mp4,180
train/lI-tFOIG_F8.mp4,180
train/TpEPDggLI7M.mp4,180
train/jggc9CJ7_o4.mp4,180
train/Kgm8Mx-p5LM.mp4,180
train/q42Ke-HI0u0.mp4,180
train/GvpVqZaObv4.mp4,180
train/uxCRGqIQIX0.mp4,180
train/bFTaRoeUX9A.mp4,180
train/7ShmVk1etcQ.mp4,181
train/NIGUySmIUGE.mp4,181
train/WqjtgNMu_AA.mp4,181
train/UxXQ356Dr0c.mp4,181
train/tg97uyUQxhU.mp4,181
train/2VBYgyDu8IU.mp4,181
train/cnuNc7qgGyw.mp4,181
train/6xLqyoo9grI.mp4,181
train/lN443FkBNsw.mp4,181
train/TfA6-z-kubM.mp4,181
train/k9aVHE1TLdw.mp4,181
train/l40OUGQciwI.mp4,181
train/pneV8rDyU9U.mp4,181
train/hnPKjhpqwRA.mp4,181
train/u50Y27IGhQI.mp4,181
train/AUKVIRQTMZw.mp4,181
train/7h_ZG4sPiH4.mp4,182
train/nE7ituro224.mp4,182
train/wRoCkn9DG1E.mp4,182
train/Uz1zLJphJvg.mp4,182
train/tro149v_OtU.mp4,182
train/2_BMCjyGkw0.mp4,182
train/cnmXiFQi9Eo.mp4,182
train/5yICLDV1ZDA.mp4,182
train/kQhRWOdge7U.mp4,182
train/tOtOFdf2z9w.mp4,182
train/isHublM_YCE.mp4,182
train/Jpa8LK0gfIE.mp4,182
train/qct86BpOIrA.mp4,182
train/gG0osyutA9A.mp4,182
train/UpGITNzQdLo.mp4,182
train/ayRPxIP0vAs.mp4,182
train/75SB1Y31Gb8.mp4,183
train/nPIqGk2RqZ4.mp4,183
train/WT-m7lr2jVM.mp4,183
train/vCjNL8Ismxs.mp4,183
train/U93xdhJGlzQ.mp4,183
train/2J9VbfC4dSQ.mp4,183
train/cLvBFCGggJE.mp4,183
train/6agRkA5IrbA.mp4,183
train/LheXxGmrKkk.mp4,183
train/u2VwMS1ELH0.mp4,183
train/jOQKoNjTliM.mp4,183
train/KEtrQermYF0.mp4,183
train/QgkNbaMlgBY.mp4,183
train/h1RPv9167hE.mp4,183
train/Ux2Fl22tLog.mp4,183
train/B3RNtA_YHaA.mp4,183
train/8Iu-zOSBcOA.mp4,184
train/n_jQ9bF1cyc.mp4,184
train/xCwJyTBxQDA.mp4,184
train/vOh-rdU8_Dc.mp4,184
train/UFNYYjldD5c.mp4,184
train/36Z90gNSgDI.mp4,184
train/DV4inPMuFus.mp4,184
train/7lJSPLb8Xq8.mp4,184
train/lRDmUn9JJns.mp4,184
train/ubk3NzzF2DE.mp4,184
train/k9YQ8lENWDg.mp4,184
train/la96eKUuSp8.mp4,184
train/qucbgEUZBRg.mp4,184
train/HgQ0yvuYiGA.mp4,184
train/VA8iRmdrPOs.mp4,184
train/C2CBQdzLI0Y.mp4,184
train/8Hl5dFm9twk.mp4,185
train/nL5TMqT9BaQ.mp4,185
train/WqG0bNb51_U.mp4,185
train/Vigts2RGNi0.mp4,185
train/uCzE9BCImWM.mp4,185
train/3Mm-SX0SC1Y.mp4,185
train/CtbBhoF76Ss.mp4,185
train/7onPcFN7j5E.mp4,185
train/le74E20WSuo.mp4,185
train/UApPGoxz4yU.mp4,185
train/JxEnKQ7iXUI.mp4,185
train/kTDGW0aw4to.mp4,185
train/QHtoT9eOQEM.mp4,185
train/H7OS76EdqcE.mp4,185
train/V0tCSSX8j0Y.mp4,185
train/bcOjhOV8NYo.mp4,185
train/8-RxVt7pJFQ.mp4,186
train/NLFdO5hO0Rs.mp4,186
train/WTBSI76oQkY.mp4,186
train/v1tfZrEBonU.mp4,186
train/TgJ2dg_8uAQ.mp4,186
train/3MkzzdAKDRs.mp4,186
train/D8YGkzZBWoI.mp4,186
train/6QLA8R6MdNk.mp4,186
train/LaONjBTgKZQ.mp4,186
train/TF-YJdu-21w.mp4,186
train/jmU3Idc1iC0.mp4,186
train/Kfx_6vprysQ.mp4,186
train/pf1cV1Zofx4.mp4,186
train/H0w4OHMteV8.mp4,186
train/UkSTlHbux7k.mp4,186
train/bf4tCCG2WXE.mp4,186
train/9cGXkAp_M3A.mp4,187
train/NoQk3XfT76M.mp4,187
train/Wj7la3HuAhY.mp4,187
train/V1Xgx3IdT6c.mp4,187
train/TY7REF6D6IY.mp4,187
train/48R2lcNr9Z8.mp4,187
train/Dq4PksZS1VE.mp4,187
train/885VJg2BmlE.mp4,187
train/lt-YiIoOwrc.mp4,187
train/TW2ITOC-91M.mp4,187
train/KDMXQdvkQuI.mp4,187
train/LaGWeDmBelg.mp4,187
train/qgfWNGXyd0w.mp4,187
train/iBVzEWIMAi4.mp4,187
train/ur7HXPjYXN8.mp4,187
train/ceadiEBukWM.mp4,187
train/9JngWNvGX1c.mp4,188
train/ms_gT8yeeww.mp4,188
train/WIFB05oDR4g.mp4,188
train/UXrhDy5tUx0.mp4,188
train/TWJ-0ruc3sI.mp4,188
train/4LLf7SlPbtY.mp4,188
train/dtqAOMJEyX8.mp4,188
train/8Mry0JtTh8E.mp4,188
train/kVLS5g6C8qU.mp4,188
train/TsPh4-BsCYk.mp4,188
train/Jll_V_4k3_I.mp4,188
train/k285PVmNSto.mp4,188
train/PXjNX7APh9Y.mp4,188
train/gzULXvpI0QQ.mp4,188
train/UinPPhOHcOI.mp4,188
train/B_etLbMib10.mp4,188
train/8bcq4Mm2uuo.mp4,189
train/NJGZwFK0IiI.mp4,189
train/wmgdxCbCYNs.mp4,189
train/VjwLJb3GzZ8.mp4,189
train/uDBJItjEQx8.mp4,189
train/3LT296lqJNM.mp4,189
train/DfCrhtzo1es.mp4,189
train/7bxSP3uHlF8.mp4,189
train/Lco4bvPyz5A.mp4,189
train/u9S12UTsFh8.mp4,189
train/JSTFBZHkzC0.mp4,189
train/KL4yw5O_PeI.mp4,189
train/Qda36UvyVMY.mp4,189
train/hIgkPVwv_bg.mp4,189
train/UxSABoaz3TY.mp4,189
train/broYfs0vADg.mp4,189
train/8YtnlRVvZAo.mp4,190
train/nIBHcWdqhWw.mp4,190
train/wrYJMUzIt6Y.mp4,190
train/VP3aLpRyxSc.mp4,190
train/u5cxOqUGNfI.mp4,190
train/3aoGuZCp1ik.mp4,190
train/cw1cMIRjtEg.mp4,190
train/7SiXTiRNegI.mp4,190
train/LAftyxUqdJE.mp4,190
train/u58m_umrBus.mp4,190
train/JOU30WxEzxo.mp4,190
train/kIeTi7wZi8w.mp4,190
train/QCAtQwaXq2Q.mp4,190
train/gn1qfB3douQ.mp4,190
train/vbU9g1y3fUA.mp4,190
train/blJraLmAfD0.mp4,190
train/8RIK3qXI1n0.mp4,191
train/n2XKfSlFdm4.mp4,191
train/Wm-2ldpS8Bk.mp4,191
train/uW6dQphvddU.mp4,191
train/tjSFxB1CIHw.mp4,191
train/2x2wLuW1VAw.mp4,191
train/dkXvmY1HNhM.mp4,191
train/7dd54xBt1d0.mp4,191
train/kV9FzPamoq4.mp4,191
train/th_xesLi96g.mp4,191
train/jIaxDEBsBXI.mp4,191
train/ke5G0LB2MDw.mp4,191
train/PSDn5cfriAA.mp4,191
train/h7PC6CnfLsM.mp4,191
train/uf2HvgBFNtc.mp4,191
train/C4oGnJm81Bs.mp4,191
train/7OoK8Nv4QgY.mp4,192
train/N0uk4EIE_to.mp4,192
train/Wcwo-ZajcSQ.mp4,192
train/urF7d4NalGQ.mp4,192
train/tcSyWwKIJ5g.mp4,192
train/2ZLD2hXZgwI.mp4,192
train/D2Zrs233FTE.mp4,192
train/6SCiaRxDCuc.mp4,192
train/Kiddplub8mc.mp4,192
train/tBmIKyXXGCE.mp4,192
train/iZSThsxoqkA.mp4,192
train/JTtb4ArX4hc.mp4,192
train/pllt9YGcfv0.mp4,192
train/GW3K20Rnn8M.mp4,192
train/u77RevgYE0E.mp4,192
train/bMKRVhfPQro.mp4,192
train/80-TbgT59Qo.mp4,193
train/NIPt_5NI1yc.mp4,193
train/WHI-9XeiOJw.mp4,193
train/UQWXaQoHPDE.mp4,193
train/tsZn0i9HdP0.mp4,193
train/2xEX3mkfTbQ.mp4,193
train/D8QBHV6gKqc.mp4,193
train/6UAlaLFlw7s.mp4,193
train/L7DapwAuNC4.mp4,193
train/TLd9zpQgI9g.mp4,193
train/jn20A2PxBbA.mp4,193
train/kNtwNfARQys.mp4,193
train/pY12HM55pfQ.mp4,193
train/H6RKPR5bTFU.mp4,193
train/UH4orxXuoHI.mp4,193
train/BO5b7oec7h4.mp4,193
train/AaA8MuO6iQM.mp4,194
train/OJiRCyTVzk0.mp4,194
train/X8hMsxOpz3M.mp4,194
train/w9-zrpUKh40.mp4,194
train/V6xMsOLChj4.mp4,194
train/4rUxjvoQImg.mp4,194
train/e0rCRIUCElY.mp4,194
train/92VKze8VDQs.mp4,194
train/lumgYaO90bs.mp4,194
train/v4gvXg-yVTc.mp4,194
train/KdrC05DvCPE.mp4,194
train/L4-6a_zC590.mp4,194
train/rdjQhI6wT20.mp4,194
train/HxfNCc6YfwQ.mp4,194
train/VUEm1_buWPE.mp4,194
train/CiI87x2IopM.mp4,194
train/8QbmgoFP9Vs.mp4,195
train/N4eDvZFbOhM.mp4,195
train/WE64kcKaTbg.mp4,195
train/UYCVANNLowg.mp4,195
train/trDsvfeyfPk.mp4,195
train/3Kyz5dyPmE4.mp4,195
train/cY-9cz0N1sM.mp4,195
train/7km1IKKXRn4.mp4,195
train/KOaAFucn2sA.mp4,195
train/TPa2EMDwmDk.mp4,195
train/jda9JZUA5JM.mp4,195
train/K7h1Ufr-7WQ.mp4,195
train/pmLYzJmKxf8.mp4,195
train/gtZ-A5CDoXs.mp4,195
train/UjlKXi3gVqg.mp4,195
train/bfit8pAYnX4.mp4,195
train/8gNTJXAyC18.mp4,196
train/Nl4PRYi39Z8.mp4,196
train/WMMxMJlyHjc.mp4,196
train/VE0-jzlpV2Y.mp4,196
train/UAKlP95lGSA.mp4,196
train/3LmfBinkeTg.mp4,196
train/dcPKNaCuGVc.mp4,196
train/6TwZmhcF9vI.mp4,196
train/L9RnnZ1ERV8.mp4,196
train/u7WJcIq6BGY.mp4,196
train/jKUf4e_Dpxk.mp4,196
train/kD2UoBfIQmw.mp4,196
train/Q1xmTvr2GDA.mp4,196
train/hEBnEGXL9b0.mp4,196
train/uVvXab9clNc.mp4,196
train/BPvgyOu_CdU.mp4,196
train/7eyqQkvQSic.mp4,197
train/NErI5rCiwCc.mp4,197
train/WO_UoRVLf2g.mp4,197
train/VnXImnXdW1Y.mp4,197
train/uL0iSJ8_rYM.mp4,197
train/2_9Ih2dRX-w.mp4,197
train/dc5nGMcDYMs.mp4,197
train/64Cypy_CpBQ.mp4,197
train/k_e58XzOlYc.mp4,197
train/ug16Zn2yRMk.mp4,197
train/jscmS7VXiyQ.mp4,197
train/KCvQWicUMWc.mp4,197
train/qc1MX57FvUs.mp4,197
train/HfajpMUjY-s.mp4,197
train/V5BlPrEnKwk.mp4,197
train/bOwDpriLxT0.mp4,197
train/8WApCWCJmNo.mp4,198
train/nTwcYqY3Gbw.mp4,198
train/X1RkZDWoSlA.mp4,198
train/vDR8Nbt9bTU.mp4,198
train/TyaczZW5Lfo.mp4,198
train/3Tdpfirru2s.mp4,198
train/DNbk4jfvNiQ.mp4,198
train/7SO67NPQYkE.mp4,198
train/LFg_9-eO5vk.mp4,198
train/TWiKRuoEnTY.mp4,198
train/k05SVMOhYwI.mp4,198
train/kQ_wVz7j9sY.mp4,198
train/qJkVDSby6Vc.mp4,198
train/i0UUpXLU-O0.mp4,198
train/UVWjSttZRvI.mp4,198
train/Bsf4_uYPPkQ.mp4,198
train/9gGRqbEFfV8.mp4,199
train/NO8v3PqxoYY.mp4,199
train/WvGc3UDxU14.mp4,199
train/VGJKYsYwmck.mp4,199
train/ubxlIhXYjRo.mp4,199
train/4-PwKkyouow.mp4,199
train/Dt6kV8naT48.mp4,199
train/8eePZcZ1D_E.mp4,199
train/l5hzPtCliVM.mp4,199
train/U9craV2q_c8.mp4,199
train/jnwIPFNTuGE.mp4,199
train/kH_xbd_pG-I.mp4,199
train/Q99rPM4h2Oo.mp4,199
train/hEePXITb26o.mp4,199
train/uWxnYSjcxMI.mp4,199
train/CO6n6YO5cu4.mp4,199
